,cloneID,plantID,site,transect,recorder,measurer,h_apical,l_length,l_width,stem_width,N_umbels,N_leaves,herb0,herb1,herb2,herb3,herb4,herb5,herb6,notes,herb_avg,alive,height_next,goodpods,badpods,totLA,repSuccess,repAllocation
1,1,4000,BLD1,40,sf,mn,30.9,12.5,6.4,6.9,0,8,8,0,0,0,0,0,0,NA,0,1,57.8,0,0,640,0,0
2,2,4001,BLD1,40,sf,mn,24.2,7.5,2.6,5.8,0,3,3,0,0,0,0,0,0,NA,0,0,NA,NA,NA,58.5,0,0
3,3,4002,BLD1,40,sf,mn,48.3,14.2,5.6,7.8,0,10,10,0,0,0,0,0,0,NA,0,1,51.9,0,0,795.2,0,0
4,4,4004,BLD1,40,sf,mn,57.6,14.4,6.2,7.9,0,13,10,2,1,0,0,0,0,NA,0.307692308,1,72,0,0,1160.64,0,0
5,5,4005,BLD1,40,sf,mn,45.2,11,4.5,6.6,0,8,8,0,0,0,0,0,0,NA,0,1,47.7,0,0,396,0,0
6,6,4006,BLD1,40,sf,mn,20.1,11.2,3.6,2.8,0,5,4,1,0,0,0,0,0,NA,0.2,0,NA,NA,NA,201.6,0,0
7,7,4007,BLD1,40,sf,mn,54.3,13.6,5.7,7.2,0,14,8,4,1,1,0,0,0,NA,0.642857143,1,71.4,0,0,1085.28,0,0
8,8,4008,BLD1,40,sf,mn,73.5,21.1,9.2,14.1,3,18,13,4,1,0,0,0,0,NA,0.333333333,0,NA,NA,NA,3494.16,0,0
9,9,4010,BLD1,40,sf,mn,42.6,10.2,4.1,5.6,0,10,4,0,2,3,1,0,0,NA,1.7,0,NA,NA,NA,418.2,0,0
10,10,4012,BLD1,40,sf,mn,68.5,18.5,6.9,16.2,0,20,17,1,1,1,0,0,0,NA,0.3,1,92.3,0,0,2553,0,0
11,11,4013,BLD1,40,sf,mn,56.6,15.5,6.1,8,0,15,13,0,2,0,0,0,0,NA,0.266666667,1,69.8,0,0,1418.25,0,0
12,12,4015,BLD1,40,sf,mn,33.9,9.9,4.6,7.1,0,6,5,0,0,0,1,0,0,NA,0.666666667,1,67.2,0,0,273.24,0,0
13,13,4017,BLD1,40,ak,rd,72.9,20.6,7.4,12.2,3,17,15,1,1,0,0,0,0,NA,0.176470588,1,84.9,0,0,2591.48,0,0
14,14,4018,BLD1,40,sf,mn,24.1,8.5,3.8,5.7,0,2,0,0,0,2,0,0,0,primary stem chewed,3,0,NA,NA,NA,64.6,0,0
15,15,4019,BLD1,40,ak,rd,66.5,16.6,7.6,10.4,2,13,12,1,0,0,0,0,0,NA,0.076923077,1,86.7,1,0,1640.08,0.5,0.015037594
16,16,4020,BLD1,40,ak,rd,65.7,15.8,7,11,0,14,13,1,0,0,0,0,0,NA,0.071428571,1,87.5,0,0,1548.4,0,0
17,17,4021,BLD1,40,sf,mn,27.8,10.2,3.6,4,0,6,6,0,0,0,0,0,0,NA,0,0,NA,NA,NA,220.32,0,0
18,18,4022,BLD1,40,sf,mn,34.9,12.3,5.1,9.6,0,5,3,1,1,0,0,0,0,"remeasured 3 times, final by rec: ak, mes: hd on 170616",0.6,1,70.8,0,0,313.65,0,0
19,19,4024,BLD1,40,sf,mn,44.4,13.5,5.4,8.9,0,8,7,0,1,0,0,0,0,NA,0.25,1,59.8,0,0,583.2,0,0
20,20,4025,BLD1,40,sf,mn,55.4,14.5,5.4,7.4,0,12,6,0,4,1,1,0,0,NA,1.25,0,NA,NA,NA,939.6,0,0
21,21,4026,BLD1,40,ak,rd,32.2,8.5,3.1,3,0,9,9,0,0,0,0,0,0,NA,0,0,NA,NA,NA,237.15,0,0
22,22,4027,BLD1,40,ak,rd,40.5,10.5,3.5,5.4,0,10,10,0,0,0,0,0,0,NA,0,0,NA,NA,NA,367.5,0,0
23,23,4200,BLD1,42,ks,ss,59.8,15.2,7,8.8,0,16,14,2,0,0,0,0,0,NA,0.125,1,71.1,0,0,1702.4,0,0
24,24,4202,BLD1,42,ks,ss,28,7.2,3.1,3.8,0,4,4,0,0,0,0,0,0,NA,0,0,NA,NA,NA,89.28,0,0
25,25,4203,BLD1,42,ks,ss,46.1,11.4,5.1,5.1,0,10,9,0,1,0,0,0,0,NA,0.2,0,NA,NA,NA,581.4,0,0
26,26,4206,BLD1,42,ks,ss,44.4,13.6,5.5,4.5,0,10,8,2,0,0,0,0,0,NA,0.2,1,54.4,0,0,748,0,0
27,27,4210,BLD1,42,hd,yy,38.5,13.8,4.7,4.1,0,6,6,0,0,0,0,0,0,NA,0,0,NA,NA,NA,389.16,0,0
28,28,4214,BLD1,42,hd,yy,68.4,13.5,5.2,9.5,3,15,15,0,0,0,0,0,0,NA,0,1,84.1,0,0,1053,0,0
29,29,4219,BLD1,42,hd,yy,22.1,8,3.9,6.3,0,2,2,0,0,0,0,0,0,NA,0,0,NA,NA,NA,62.4,0,0
30,30,4223,BLD1,42,hd,yy,25.1,NA,NA,5.1,0,0,0,0,0,0,0,0,0,all leaves smaller than 5 cm,0,0,NA,NA,NA,NA,0,0
31,31,4224,BLD1,42,hd,yy,47,14.9,7.2,8.8,0,11,8,2,1,0,0,0,0,NA,0.363636364,0,NA,NA,NA,1180.08,0,0
32,32,4227,BLD1,42,hd,yy,36.4,9.4,4.6,4.6,0,7,7,0,0,0,0,0,0,NA,0,0,NA,NA,NA,302.68,0,0
33,33,4230,BLD1,42,hd,yy,33.2,8.9,4.3,5.8,0,7,7,0,0,0,0,0,0,NA,0,1,69.5,0,0,267.89,0,0
34,34,4235,BLD1,42,hd,yy,39.3,10.4,4.2,3.5,0,6,6,0,0,0,0,0,0,NA,0,0,NA,NA,NA,262.08,0,0
35,35,4239,BLD1,42,hd,yy,47.3,10.9,5.3,5.6,0,8,8,0,0,0,0,0,0,NA,0,0,NA,NA,NA,462.16,0,0
36,36,4240,BLD1,42,ks,ss,30.7,6.7,3.6,6.8,0,6,6,0,0,0,0,0,0,NA,0,1,55.4,0,0,144.72,0,0
37,37,4241,BLD1,42,ks,ss,45.3,8.7,4.5,8,0,8,8,0,0,0,0,0,0,NA,0,1,85.7,0,0,313.2,0,0
38,38,4243,BLD1,42,ks,ss,30.1,6,3.1,7.1,0,4,4,0,0,0,0,0,0,NA,0,1,59.1,0,0,74.4,0,0
39,39,4247,BLD1,42,ks,ss,39.4,10.5,5.1,4.1,0,11,10,1,0,0,0,0,0,NA,0.090909091,0,NA,NA,NA,589.05,0,0
40,40,4250,BLD1,42,ss,ks,60.8,12.8,5.7,8.5,2,16,14,2,0,0,0,0,0,NA,0.125,0,NA,NA,NA,1167.36,0,0
41,41,4251,BLD1,42,ss,ks,54,14.6,6.2,9.6,0,15,13,1,1,0,0,0,0,NA,0.2,1,60.6,0,0,1357.8,0,0
42,42,4252,BLD1,42,ss,ks,37.7,6.7,3.2,6.1,0,8,7,1,0,0,0,0,0,NA,0.125,1,48,0,0,171.52,0,0
43,43,4254,BLD1,42,ss,ks,60.6,17.3,8.2,13.1,2,16,14,2,0,0,0,0,0,NA,0.125,1,72.1,0,0,2269.76,0,0
44,44,4263,BLD1,42,ss,ks,35.4,9.9,3.3,8.6,0,8,8,0,0,0,0,0,0,NA,0,1,49.8,0,0,261.36,0,0
45,45,4265,BLD1,42,ss,ks,50.4,15.7,7,11.1,0,13,13,0,0,0,0,0,0,NA,0,1,73.4,0,0,1428.7,0,0
46,46,4300,BLD1,43,rd,ak,51.7,10.2,3.9,5.6,0,8,6,0,2,0,0,0,0,under a bush,0.5,1,55.7,0,0,318.24,0,0
47,47,4302,BLD1,43,ss,mw,28.7,7.7,3.3,6.3,0,8,5,3,0,0,0,0,0,NA,0.375,1,44.6,0,0,203.28,0,0
48,48,4305,BLD1,43,rd,ak,71.6,15.4,7.2,9.7,2,14,14,0,0,0,0,0,0,NA,0,1,99,0,0,1552.32,0,0
49,49,4306,BLD1,43,rd,ak,68.8,14.7,6.7,12.8,3,14,11,2,1,0,0,0,0,NA,0.285714286,1,83.5,0,1,1378.86,0,0
50,50,4311,BLD1,43,ss,yy,90.6,16.2,6.8,13.4,3,16,16,0,0,0,0,0,0,NA,0,1,120.7,3,0,1762.56,1,0.033112583
51,51,4314,BLD1,43,rd,ak,78,18.1,7.7,11.9,5,18,15,1,2,0,0,0,0,NA,0.277777778,1,109.2,2,2,2508.66,0.4,0.025641026
52,52,4316,BLD1,43,rd,ak,35.9,8.1,3.7,6.5,0,6,5,1,0,0,0,0,0,NA,0.166666667,1,53,0,0,179.82,0,0
53,53,4318,BLD1,43,ss,mw,35.7,11.6,5,5,0,8,7,0,1,0,0,0,0,NA,0.25,1,49.9,0,0,464,0,0
54,54,4320,BLD1,43,sf,mn,33.2,9.9,3.5,3.2,0,9,9,0,0,0,0,0,0,NA,0,0,NA,NA,NA,311.85,0,0
55,55,4322,BLD1,43,sf,mn,40.6,10.1,4.9,7.9,0,8,6,2,0,0,0,0,0,NA,0.25,1,47.4,0,0,395.92,0,0
56,56,4324,BLD1,43,rd,ak,36,9.5,3.8,3.9,0,8,7,1,0,0,0,0,0,NA,0.125,1,39.7,0,0,288.8,0,0
57,57,4328,BLD1,43,rd,ak,28.6,6.7,3,5.7,0,6,6,0,0,0,0,0,0,NA,0,1,46.8,0,0,120.6,0,0
58,58,4329,BLD1,43,rd,ak,39.2,8.5,2.6,11.6,0,8,7,1,0,0,0,0,0,NA,0.125,1,45.5,0,0,176.8,0,0
59,59,4334,BLD1,43,mn,sf,38.2,10.6,4.9,5.1,0,10,9,0,0,0,0,0,1,NA,0.6,1,52.4,0,0,519.4,0,0
60,60,4338,BLD1,43,rd,ak,50,11.5,4.3,5.8,0,12,9,1,2,0,0,0,0,NA,0.416666667,1,66.8,0,0,593.4,0,0
61,61,4344,BLD1,43,mn,sf,60.5,16.3,5.9,8.6,2,14,13,1,0,0,0,0,0,NA,0.071428571,1,83.2,0,1,1346.38,0,0
62,62,4347,BLD1,43,rd,ak,65.6,14.8,6.5,7.8,0,14,10,3,1,0,0,0,0,NA,0.357142857,1,71.6,0,0,1346.8,0,0
63,63,4350,NA,NA,NA,NA,NA,NA,NA,NA,NA,NA,NA,NA,NA,NA,NA,NA,NA,NA,NA,1,71.8,0,0,NA,0,0
64,64,4352,BLD1,43,sf,mn,55.3,13.5,5.5,6.3,2,11,10,1,0,0,0,0,0,NA,0.090909091,1,69.6,0,0,816.75,0,0
65,65,4355,BLD1,43,sf,mn,46.1,11.6,4.5,4.9,0,10,9,1,0,0,0,0,0,NA,0.1,1,51.2,0,0,522,0,0
66,66,4358,BLD1,43,sf,mn,37.1,NA,NA,2.9,0,6,5,1,0,0,0,0,0,NA,0.166666667,0,NA,NA,NA,NA,0,0
67,67,4360,BLD1,43,sf,mn,45.3,11.3,5.8,5.9,0,8,7,0,1,0,0,0,0,NA,0.25,1,52.3,0,0,524.32,0,0
68,68,4364,BLD1,43,sf,mn,67.1,14.1,7.4,10,2,12,9,1,2,0,0,0,0,NA,0.416666667,1,102.4,2,0,1252.08,1,0.029806259
69,69,4369,BLD1,43,ss,mw,24.1,8.5,2,3.1,0,6,4,1,0,0,1,0,0,NA,0.833333333,0,NA,NA,NA,102,0,0
70,70,4371,BLD1,43,ss,yy,29.2,8.3,3.1,3.3,0,5,5,0,0,0,0,0,0,NA,0,0,NA,NA,NA,128.65,0,0
71,71,4372,BLD1,43,ss,mw,26.7,7.4,2.4,2.1,0,4,3,1,0,0,0,0,0,NA,0.25,0,NA,NA,NA,71.04,0,0
72,72,4375,BLD1,43,ss,mw,17.7,9.7,3.1,5.4,0,2,1,1,0,0,0,0,0,topkill,0.5,0,NA,NA,NA,60.14,0,0
73,73,4501,BLD2,45,rd,yy,84.8,16.1,7.2,7.3,3,13,13,0,0,0,0,0,0,NA,0,1,96.2,0,0,1506.96,0,0
74,74,4502,BLD2,45,rd,yy,76.6,10.7,6.2,5.2,0,10,10,0,0,0,0,0,0,NA,0,1,88.4,0,0,663.4,0,0
75,75,4503,BLD2,45,rd,yy,79.1,11.9,5.9,6.2,0,14,14,0,0,0,0,0,0,NA,0,0,NA,NA,NA,982.94,0,0
76,76,4509,BLD2,45,rd,yy,67.2,13.7,6.6,8.2,2,12,12,0,0,0,0,0,0,NA,0,1,31.5,0,0,1085.04,0,0
77,77,4511,BLD2,45,rd,yy,42,6.4,3.2,2.4,0,4,4,0,0,0,0,0,0,NA,0,0,NA,NA,NA,81.92,0,0
78,78,4512,BLD2,45,rd,yy,81.7,11.8,6.7,6.1,0,9,8,1,0,0,0,0,0,NA,0.111111111,1,84.6,0,0,711.54,0,0
79,79,4514,BLD2,45,rd,yy,47.3,12.2,4.9,5.5,0,9,9,0,0,0,0,0,0,NA,0,0,NA,NA,NA,538.02,0,0
80,80,4516,BLD2,45,rd,yy,46.2,7.1,2.3,6.3,0,6,5,1,0,0,0,0,0,NA,0.166666667,0,NA,NA,NA,97.98,0,0
81,81,4525,BLD2,45,ss,jh,35.4,8.8,2.9,3,0,8,8,0,0,0,0,0,0,hollow weevils,0,0,NA,NA,NA,204.16,0,0
82,82,4528,BLD2,45,rd,yy,56.5,16,6.5,9.8,0,16,15,1,0,0,0,0,0,NA,0.0625,0,NA,NA,NA,1664,0,0
83,83,4536,BLD2,45,ss,ak,90.1,15.6,8,11,5,14,10,1,3,0,0,0,0,NA,0.5,1,119.3,3,0,1747.2,0.6,0.033296337
84,84,4538,BLD2,45,ss,ak,77.1,12.1,7.2,9.3,3,10,8,1,0,0,1,0,0,NA,0.5,1,87.6,0,0,871.2,0,0
85,85,4543,BLD2,45,ss,ak,65.9,13.8,6.4,9.3,0,13,11,1,0,1,0,0,0,NA,0.307692308,1,81,0,0,1148.16,0,0
86,86,4544,BLD2,45,ss,ak,108.4,18.8,8.9,12.5,5,19,17,2,0,0,0,0,0,NA,0.105263158,1,120.8,2,0,3179.08,0.4,0.018450185
87,87,4600,BLD2,46,rd,ks,40.6,7.4,3.1,6.2,0,8,7,1,0,0,0,0,0,NA,0.125,0,NA,NA,NA,183.52,0,0
88,88,4601,BLD2,46,rd,yy,63,15.4,6.4,8,0,13,11,2,0,0,0,0,0,NA,0.153846154,0,NA,NA,NA,1281.28,0,0
89,89,4602,BLD2,46,rd,yy,40.6,10.2,4.2,3.9,0,4,3,1,0,0,0,0,0,NA,0.25,0,NA,NA,NA,171.36,0,0
90,90,4603,BLD2,46,rd,yy,31.4,7.7,3.7,4.2,0,2,1,1,0,0,0,0,0,NA,0.5,0,NA,NA,NA,56.98,0,0
91,91,4604,BLD2,46,rd,ks,61.8,13.9,5.7,8.4,0,12,12,0,0,0,0,0,0,NA,0,0,NA,NA,NA,950.76,0,0
92,92,4606,BLD2,46,rd,ks,69.9,13.7,6.7,8.1,3,11,11,0,0,0,0,0,0,NA,0,0,NA,NA,NA,1009.69,0,0
93,93,4700,BLD2,47,rd,yy,79.1,15,6.5,8.3,3,16,16,0,0,0,0,0,0,NA,0,1,83.1,0,0,1560,0,0
94,94,4701,BLD2,47,rd,yy,100.2,18.2,8.7,11.1,5,21,21,0,0,0,0,0,0,NA,0,1,124.2,0,0,3325.14,0,0
95,95,4702,BLD2,47,rd,jh,82.9,12.9,7.1,11.4,5,16,15,1,0,0,0,0,0,NA,0.0625,1,91.1,0,0,1465.44,0,0
96,96,4704,BLD2,47,rd,jh,33.8,8.3,4.2,2.9,0,9,9,0,0,0,0,0,0,NA,0,0,NA,NA,NA,313.74,0,0
97,97,4705,BLD2,47,rd,yy,27.2,NA,NA,6.4,0,0,0,0,0,0,0,0,0,NA,0,1,57.8,0,0,NA,0,0
98,98,4706,BLD2,47,rd,yy,37.8,10.3,4.3,5.2,0,6,6,0,0,0,0,0,0,NA,0,0,NA,NA,NA,265.74,0,0
99,99,4707,BLD2,47,rd,jh,58.2,11.6,5.5,7,2,12,11,1,0,0,0,0,0,NA,0.083333333,0,NA,NA,NA,765.6,0,0
100,100,4708,BLD2,47,rd,jh,28.6,8.4,4.9,4.5,0,8,5,1,2,0,0,0,0,NA,0.625,0,NA,NA,NA,329.28,0,0
101,101,4709,BLD2,47,rd,yy,50.6,11.3,4.4,6,2,9,9,0,0,0,0,0,0,NA,0,0,NA,NA,NA,447.48,0,0
102,102,4710,BLD2,47,rd,yy,40.9,9.2,3.2,4.5,0,10,8,2,0,0,0,0,0,NA,0.2,0,NA,NA,NA,294.4,0,0
103,103,4712,BLD2,47,rd,yy,67.2,14.8,7.4,8,0,14,13,1,0,0,0,0,0,NA,0.071428571,0,NA,NA,NA,1533.28,0,0
104,104,4713,BLD2,47,rd,jh,32.4,6.7,3,3.9,0,6,5,1,0,0,0,0,0,NA,0.166666667,0,NA,NA,NA,120.6,0,0
105,105,7302,SKY,73,sf,jh,101.9,17,8.8,12,5,16,15,1,0,0,0,0,0,NA,0.0625,0,NA,NA,NA,2393.6,0,0
106,106,7304,SKY,73,yy,ak,112.2,19.1,8.5,15,7,19,18,0,1,0,0,0,0,NA,0.105263158,1,119,1,2,3084.65,0.142857143,0.008912656
107,107,7306,SKY,73,ak,yy,49.4,13,6.4,6.8,0,8,8,0,0,0,0,0,0,main stem chewed off;tgis is sevom,0,1,81,0,0,665.6,0,0
108,108,7311,SKY,73,sf,jh,112.8,21.4,11.1,15.1,5,18,17,1,0,0,0,0,0,NA,0.055555556,1,136.4,2,0,4275.72,0.4,0.017730496
109,109,7312,SKY,73,sf,jh,116.9,19.4,10.4,12,6,16,14,0,2,0,0,0,0,NA,0.25,1,132.8,2,3,3228.16,0.333333333,0.01710864
110,110,7313,SKY,73,ak,yy,91.7,19.5,7.9,10.4,2,11,11,0,0,0,0,0,0,NA,0,1,109.6,1,0,1694.55,0.5,0.010905125
111,111,7316,SKY,73,sf,jh,115.9,19,8.8,11.1,6,14,13,0,1,0,0,0,0,NA,0.142857143,1,118.6,1,5,2340.8,0.166666667,0.008628128
112,112,7320,SKY,73,sf,jh,108.1,18.7,8.8,12.7,3,16,16,0,0,0,0,0,0,NA,0,1,122.2,1,1,2632.96,0.333333333,0.009250694
113,113,7321,SKY,73,sf,jh,42.2,11.4,3.6,5.2,0,8,8,0,0,0,0,0,0,NA,0,0,NA,NA,NA,328.32,0,0
114,114,7322,SKY,73,sf,jh,67.2,13.6,5,9.3,2,10,10,0,0,0,0,0,0,NA,0,0,NA,NA,NA,680,0,0
115,115,7323,SKY,73,sf,jh,59.1,13.8,5.5,7.4,0,12,11,1,0,0,0,0,0,NA,0.083333333,0,NA,NA,NA,910.8,0,0
116,116,7329,SKY,73,sf,jh,88.3,19.1,8.6,12.1,5,14,13,1,0,0,0,0,0,NA,0.071428571,1,119.2,2,1,2299.64,0.4,0.022650057
117,117,7332,SKY,73,ak,yy,73.3,9,3.2,3.3,0,5,5,0,0,0,0,0,0,NA,0,0,NA,NA,NA,144,0,0
118,118,7333,SKY,73,sf,jh,118.3,21,9,17.6,5,19,19,0,0,0,0,0,0,NA,0,1,133.2,3,0,3591,0.6,0.025359256
119,119,7336,SKY,73,ak,yy,64.6,15.8,8,11.7,2,6,5,1,0,0,0,0,0,"stem broken,mined",0.166666667,0,NA,NA,NA,758.4,0,0
120,120,7341,SKY,73,sf,jh,106.8,20.2,9.8,16,6,22,22,0,0,0,0,0,0,NA,0,1,126.4,4,2,4355.12,0.666666667,0.037453184
121,121,7346,SKY,73,ak,yy,47.7,10.1,4.6,4.6,0,8,8,0,0,0,0,0,0,NA,0,0,NA,NA,NA,371.68,0,0
122,122,7348,SKY,73,ak,yy,66.2,14.5,5,6.8,0,14,14,0,0,0,0,0,0,NA,0,0,NA,NA,NA,1015,0,0
123,123,7351,SKY,73,ak,yy,68.2,15,6.2,8.9,2,18,14,4,0,0,0,0,0,NA,0.222222222,1,83.2,2,1,1674,1,0.029325513
124,124,8301,PWR,83,hd,al,89.3,19.2,9.3,9.2,0,23,8,11,4,0,0,0,0,NA,0.826086957,0,NA,NA,NA,4106.88,0,0
125,125,8311,PWR,83,al,ng,105.3,20.2,10.1,10.9,4,21,7,2,7,5,0,0,0,NA,1.476190476,1,95.5,2,0,4284.42,0.5,0.018993352
126,126,8318,PWR,83,mw,ng,107.1,18.2,8.2,11.6,3,23,9,2,7,3,2,0,0,NA,1.434782609,0,NA,NA,NA,3432.52,0,0
127,127,8333,PWR,83,ks,ks,109.7,15.4,4.8,15.8,3,21,6,13,2,0,0,0,0,NA,0.80952381,1,1124.2,2,0,1552.32,0.666666667,0.018231541
128,128,8335,PWR,83,ks,ks,119.6,18.3,8.4,12.4,5,19,8,7,2,2,0,0,0,NA,0.894736842,0,NA,NA,NA,2920.68,0,0
129,129,8337,PWR,83,ks,al,92.3,5.5,6,11.7,0,13,5,4,2,2,0,0,0,NA,1.076923077,0,NA,NA,NA,429,0,0
130,130,8343,PWR,83,ss,hd,118.5,17.1,7.3,11,2,20,11,2,6,1,0,0,0,NA,0.85,0,NA,NA,NA,2496.6,0,0
131,131,8344,PWR,83,ss,hd,109.5,16.8,6.4,9.6,2,21,6,14,1,0,0,0,0,NA,0.761904762,0,NA,NA,NA,2257.92,0,0
132,132,8353,PWR,83,ss,hd,105.5,20.5,8.2,16.8,4,20,8,5,6,1,0,0,0,NA,1,0,NA,NA,NA,3362,0,0
133,133,8365,PWR,83,ss,ks,76.2,12.7,6.5,8.3,0,10,5,3,2,0,0,0,0,girdled,0.7,0,NA,NA,NA,825.5,0,0
134,134,8369,PWR,83,ss,ks,117.1,16.4,5.9,11.1,2,26,6,14,3,3,0,0,0,NA,1.115384615,0,NA,NA,NA,2515.76,0,0
135,135,8374,PWR,83,ss,ks,104.4,17.1,6.3,8.6,0,16,7,9,0,0,0,0,0,NA,0.5625,0,NA,NA,NA,1723.68,0,0
136,136,8378,PWR,83,ks,ks,133.3,19.5,9.6,9.6,6,30,10,13,5,2,0,0,0,NA,0.966666667,1,142.3,2,3,5616,0.333333333,0.015003751
137,137,8389,PWR,83,ks,al,124.1,16.6,5.5,12.5,5,23,6,10,5,2,0,0,0,NA,1.130434783,1,123.6,3,0,2099.9,0.6,0.024174053
138,138,8391,PWR,83,ks,al,102.2,18.3,7.1,8.1,2,15,6,5,4,0,0,0,0,NA,0.866666667,0,NA,NA,NA,1948.95,0,0
139,139,8398,PWR,83,al,mw,40.4,13.9,6,5.8,0,14,7,1,4,2,0,0,0,NA,1.071428571,1,77,0,0,1167.6,0,0
140,140,8409,PWR,83,ss,hd,61.6,12.2,6.6,5,0,8,8,0,0,0,0,0,0,NA,0,0,NA,NA,NA,644.16,0,0
141,7,4009,BLD1,40,sf,mn,37.4,9,3.5,4.9,0,6,6,0,0,0,0,0,0,NA,0,0,NA,NA,NA,189,0,0
142,7,4011,BLD1,40,sf,mn,40.9,13.3,4.9,6.4,0,10,9,1,0,0,0,0,0,NA,0.1,1,42.5,0,0,651.7,0,0
143,23,4201,BLD1,42,ks,ss,56.8,13.2,6.2,7.2,0,12,12,0,0,0,0,0,0,NA,0,1,74,0,0,982.08,0,0
144,25,4253,BLD1,42,ss,ks,32.6,9,3.9,8.2,0,6,6,0,0,0,0,0,0,NA,0,1,24.9,0,0,210.6,0,0
145,27,4546,BLD2,45,ss,ak,63.1,14.1,7.6,9.8,0,4,3,0,1,0,0,0,0,NA,0.5,0,NA,NA,NA,428.64,0,0
146,29,4229,BLD1,42,hd,yy,5,12,6,9.2,0,7,6,1,0,0,0,0,0,NA,0.142857143,1,60.2,0,0,504,0,0
147,36,4242,BLD1,42,ks,ss,34.3,9.3,4.6,4.7,0,8,7,1,0,0,0,0,0,NA,0.125,0,NA,NA,NA,342.24,0,0
148,43,4266,BLD1,42,ss,ks,57.3,14,6.2,13.4,0,20,12,7,1,0,0,0,0,NA,0.45,0,NA,NA,NA,1736,0,0
149,46,4303,BLD1,43,ss,mw,38.6,9.2,3.6,4.6,0,10,9,1,0,0,0,0,0,NA,0.1,1,43.4,0,0,331.2,0,0
150,59,4342,BLD1,43,rd,ak,54.2,14.1,6,6.9,0,14,12,2,0,0,0,0,0,NA,0.142857143,1,73.7,0,0,1184.4,0,0
151,76,4519,BLD2,45,rd,yy,27.7,8.2,3.1,2.7,0,6,5,1,0,0,0,0,0,NA,0.166666667,0,NA,NA,NA,152.52,0,0
152,76,4521,BLD2,45,ss,jh,68.9,12.6,7.7,9.4,4,12,8,2,2,0,0,0,0,NA,0.5,0,NA,NA,NA,1164.24,0,0
153,76,4523,BLD2,45,ss,ak,84.3,16.8,8.3,11.3,4,14,11,0,1,2,0,0,0,NA,0.571428571,1,94.2,0,0,1952.16,0,0
154,76,4524,BLD2,45,ss,jh,59.8,13.5,8.2,8.2,3,11,10,1,0,0,0,0,0,NA,0.090909091,1,30.2,0,0,1217.7,0,0
155,76,4531,BLD2,45,ss,jh,64.9,11.7,6.4,6.9,0,12,11,1,0,0,0,0,0,NA,0.083333333,0,NA,NA,NA,898.56,0,0
156,76,4510,BLD2,45,rd,yy,40.7,8.1,3.9,4.4,0,4,4,0,0,0,0,0,0,NA,0,0,NA,NA,NA,126.36,0,0
157,79,4527,BLD2,45,rd,yy,50.3,10.7,3.4,5.2,0,9,9,0,0,0,0,0,0,NA,0,0,NA,NA,NA,327.42,0,0
158,79,4515,BLD2,45,rd,yy,66.8,13.2,5.9,8.2,0,12,10,1,1,0,0,0,0,NA,0.25,0,NA,NA,NA,934.56,0,0
159,94,4703,BLD2,47,rd,jh,88.5,15.6,8.4,11.6,6,18,15,1,2,0,0,0,0,NA,0.277777778,1,109.4,0,0,2358.72,0,0
160,98,4711,BLD2,47,rd,jh,42.3,9.7,3.8,5.8,0,12,10,1,1,0,0,0,0,NA,0.25,0,NA,NA,NA,442.32,0,0
161,105,7303,SKY,73,sf,jh,119.4,18.2,10.3,13.6,8,22,21,0,1,0,0,0,0,umbscore 8= 0,0.090909091,1,137.6,0,4,4124.12,0,0
162,105,7317,SKY,73,ak,yy,103.3,17.2,7.6,13.3,5,19,19,0,0,0,0,0,0,NA,0,1,123.6,3,0,2483.68,0.6,0.029041626
163,107,7309,SKY,73,ak,yy,117.7,17.1,8.7,11.9,6,22,21,1,0,0,0,0,0,NA,0.045454545,1,127.4,4,2,3272.94,0.666666667,0.033984707
164,109,7338,SKY,73,ak,yy,86.6,20.4,8.6,12.6,5,18,18,0,0,0,0,0,0,NA,0,1,106.9,1,3,3157.92,0.2,0.011547344
165,110,7331,SKY,73,ak,yy,52,11.7,3.8,4,0,10,10,0,0,0,0,0,0,NA,0,0,NA,NA,NA,444.6,0,0
166,112,7327,SKY,73,ak,yy,119.9,20,6.5,14.2,5,17,17,0,0,0,0,0,0,NA,0,1,127,1,0,2210,0.2,0.008340284
167,117,7337,SKY,73,ak,yy,28.3,9.9,3.5,3.4,0,4,3,1,0,0,0,0,0,NA,0.25,0,NA,NA,NA,138.6,0,0
168,117,7340,SKY,73,ak,yy,100,20.9,10.1,14.6,5,20,20,0,0,0,0,0,0,NA,0,1,124.4,4,3,4221.8,0.8,0.04
169,117,7354,SKY,73,sf,jh,75.1,13.9,5.4,9.1,3,12,10,1,0,1,0,0,0,NA,0.333333333,1,84.6,0,2,900.72,0,0
170,122,7349,SKY,73,ak,yy,28.8,8.2,3.7,13.8,0,4,4,0,0,0,0,0,0,NA,0,0,NA,NA,NA,121.36,0,0
171,124,8394,PWR,83,al,mw,95.7,17.5,9.1,8.9,1,20,4,9,7,0,0,0,0,NA,1.15,0,NA,NA,NA,3185,0,0
172,124,8397,PWR,83,al,mw,121.1,19.9,10.5,12.8,5,24,10,3,9,2,0,0,0,NA,1.125,1,141.9,0,0,5014.8,0,0
173,124,8331,PWR,83,ks,al,119.9,14.4,7,12.5,3,20,5,5,10,0,0,0,0,NA,1.25,0,NA,NA,NA,2016,0,0
174,124,8386,PWR,83,ks,al,92.3,16,5.8,8.4,0,18,10,1,6,1,0,0,0,NA,0.888888889,0,NA,NA,NA,1670.4,0,0
175,124,8393,PWR,83,al,mw,108.3,19.5,9.4,10.1,2,26,10,9,6,1,0,0,0,NA,0.923076923,0,NA,NA,NA,4765.8,0,0
176,NA,8100,PWR,81,ng,hd,39.9,9.3,0,4.5,0,9,7,2,0,0,0,0,0,NA,0.222222222,0,NA,NA,NA,0,0,0
177,NA,8101,PWR,81,ng,hd,32.5,9,2.9,3.1,0,10,9,1,0,0,0,0,0,NA,0.1,0,NA,NA,NA,261,0,0
178,NA,8102,PWR,81,ng,hd,66,13.9,5.6,6.9,0,16,7,4,3,2,0,0,0,NA,1,0,NA,NA,NA,1245.44,0,0
179,NA,8103,PWR,81,ng,hd,71.5,13.1,5.3,7.2,1,14,9,4,1,0,0,0,0,NA,0.428571429,0,NA,NA,NA,972.02,0,0
180,NA,8104,PWR,81,ng,hd,73.4,14,5.9,10.5,0,25,13,3,5,2,2,0,0,NA,1.08,0,NA,NA,NA,2065,0,0
181,NA,8105,PWR,81,ng,hd,79.3,14.2,6.3,10.6,0,23,16,2,3,2,0,0,0,NA,0.608695652,0,NA,NA,NA,2057.58,0,0
182,NA,8106,PWR,81,ng,hd,48,11.8,4.6,4.2,0,18,8,6,3,0,0,1,0,NA,0.944444444,1,22.5,0,0,977.04,0,0
183,NA,8107,PWR,81,ng,hd,65.8,12.2,4.1,4.3,0,9,6,3,0,0,0,0,0,NA,0.333333333,0,NA,NA,NA,450.18,0,0
184,NA,8108,PWR,81,ng,hd,73.4,12.8,5.7,9.5,0,19,10,5,2,2,0,0,0,NA,0.789473684,0,NA,NA,NA,1386.24,0,0
185,NA,8109,PWR,81,ng,hd,19.4,6,2,3.2,0,4,4,0,0,0,0,0,0,NA,0,0,NA,NA,NA,48,0,0
186,NA,8110,PWR,81,ng,hd,46.4,11.7,4.6,7.8,0,13,3,7,1,2,0,0,0,NA,1.153846154,0,NA,NA,NA,699.66,0,0
187,NA,8111,PWR,81,ng,hd,25,7.7,2.9,3.2,0,7,7,0,0,0,0,0,0,NA,0,0,NA,NA,NA,156.31,0,0
188,NA,8112,PWR,81,ng,hd,25.7,8.7,3.6,4.3,0,7,4,2,1,0,0,0,0,NA,0.571428571,0,NA,NA,NA,219.24,0,0
189,NA,8113,PWR,81,ng,hd,17.9,8.5,2.6,4,0,5,1,1,1,1,0,1,0,NA,2.2,0,NA,NA,NA,110.5,0,0
190,NA,8114,PWR,81,ng,hd,47.1,12.3,4.3,7.3,0,14,3,10,0,1,0,0,0,NA,0.928571429,0,NA,NA,NA,740.46,0,0
191,NA,8115,PWR,81,ng,al,83.2,15.5,6,9,3,20,10,3,2,4,0,1,0,NA,1.2,0,NA,NA,NA,1860,0,0
192,NA,8116,PWR,81,ng,al,77.1,17.3,6.6,9.8,4,16,6,3,5,2,0,0,0,NA,1.1875,0,NA,NA,NA,1826.88,0,0
193,NA,8117,PWR,81,ng,al,80.2,15,5.9,10.1,2,24,10,3,11,0,0,0,0,NA,1.041666667,1,85.8,1,0,2124,0.5,0.012468828
194,NA,8118,PWR,81,ng,al,57,11.4,4.6,6.2,0,17,7,6,1,2,1,0,0,NA,1.058823529,0,NA,NA,NA,891.48,0,0
195,NA,8119,PWR,81,ng,al,51.9,13.4,5.5,9.1,0,15,7,6,2,0,0,0,0,NA,0.666666667,0,NA,NA,NA,1105.5,0,0
196,NA,8120,PWR,81,ng,al,60,12.8,5.4,7.2,1,15,10,5,0,0,0,0,0,NA,0.333333333,0,NA,NA,NA,1036.8,0,0
197,NA,8121,PWR,81,ng,al,71,13.6,5.4,9.6,3,18,8,6,4,0,0,0,0,NA,0.777777778,0,NA,NA,NA,1321.92,0,0
198,NA,8122,PWR,81,ng,al,64.6,13.4,5.6,8.1,0,19,7,4,5,3,0,0,0,NA,1.210526316,0,NA,NA,NA,1425.76,0,0
199,NA,8123,PWR,81,ng,al,63.9,12.9,5.6,7.9,0,17,8,6,3,0,0,0,0,NA,0.705882353,0,NA,NA,NA,1228.08,0,0
200,NA,8124,PWR,81,ng,al,57.2,11,3.6,5.6,0,13,6,2,3,1,1,0,0,NA,1.153846154,0,NA,NA,NA,514.8,0,0
201,NA,8125,PWR,81,ng,al,55.7,10.4,3.5,5.1,0,14,6,6,2,0,0,0,0,NA,0.714285714,0,NA,NA,NA,509.6,0,0
202,NA,8126,PWR,81,ng,al,47.8,12.7,4.3,11.8,2,24,12,10,1,1,0,0,0,NA,0.625,0,NA,NA,NA,1310.64,0,0
203,NA,8127,PWR,81,ng,al,91.8,17.2,7.6,12.8,2,21,9,6,5,0,1,0,0,NA,0.952380952,0,NA,NA,NA,2745.12,0,0
204,NA,8128,PWR,81,ng,al,78.2,14.9,6.4,14.7,3,15,9,3,3,0,0,0,0,NA,0.6,0,NA,NA,NA,1430.4,0,0
205,NA,8300,PWR,83,hd,al,65.6,14.5,6.5,7.1,0,18,8,4,4,2,0,0,0,NA,1,1,44,0,0,1696.5,0,0
206,NA,8302,PWR,83,al,ng,112.7,18.8,8.6,12.7,1,31,10,5,16,0,0,0,0,NA,1.193548387,1,123.2,2,0,5012.08,2,0.017746229
207,NA,8303,PWR,83,al,ng,74.2,15.6,7.9,8.9,0,19,10,6,3,0,0,0,0,NA,0.631578947,1,29.2,0,0,2341.56,0,0
208,NA,8304,PWR,83,al,ng,43.1,11.5,3.2,3.4,0,7,5,2,0,0,0,0,0,NA,0.285714286,0,NA,NA,NA,257.6,0,0
209,NA,8305,PWR,83,al,ng,77.4,18.6,7.6,8.9,0,19,11,3,4,1,0,0,0,NA,0.736842105,1,92,0,0,2685.84,0,0
210,NA,8306,PWR,83,al,ng,136.3,25.1,10.1,15.2,4,30,14,4,8,3,1,0,0,NA,1.1,1,140.5,1,1,7605.3,0.25,0.007336757
211,NA,8307,PWR,83,al,ng,118.3,19.5,9.2,14.9,5,19,10,5,4,0,0,0,0,NA,0.684210526,1,122.5,4,0,3408.6,0.8,0.033812342
212,NA,8308,PWR,83,al,ng,92.2,15,6.9,9.8,2,21,13,2,6,0,0,0,0,NA,0.666666667,0,NA,NA,NA,2173.5,0,0
213,NA,8309,PWR,83,al,ng,109.3,18.1,8.2,11.8,3,23,12,7,4,0,0,0,0,NA,0.652173913,1,117.4,3,0,3413.66,1,0.027447392
214,NA,8310,PWR,83,al,ng,89.7,18.6,7.1,8.6,0,23,10,8,4,1,0,0,0,NA,0.826086957,1,92.9,0,0,3037.38,0,0
215,NA,8312,PWR,83,al,ng,37.1,13.9,6.9,8.5,0,19,11,2,6,0,0,0,0,NA,0.736842105,0,NA,NA,NA,1822.29,0,0
216,NA,8313,PWR,83,al,ng,108.9,18.6,8.1,11,2,19,9,4,6,0,0,0,0,NA,0.842105263,0,NA,NA,NA,2862.54,0,0
217,NA,8314,PWR,83,al,ng,111.3,19.4,8.4,11.3,3,19,9,4,3,3,0,0,0,NA,1,1,123.1,2,0,3096.24,0.666666667,0.017969452
218,NA,8315,PWR,83,al,ng,106.7,18.8,8.1,10.3,3,16,4,6,6,0,0,0,0,NA,1.125,0,NA,NA,NA,2436.48,0,0
219,NA,8316,PWR,83,al,ng,102.8,17.9,8.9,9.4,2,17,4,8,5,0,0,0,0,NA,1.058823529,0,NA,NA,NA,2708.27,0,0
220,NA,8395,PWR,83,al,mw,123.6,21.2,9.9,11.9,5,22,7,7,8,0,0,0,0,NA,1.045454545,1,139.5,1,1,4617.36,0.2,0.008090615
221,NA,8396,PWR,83,al,mw,128,14.7,10.7,13.3,6,24,12,5,6,1,0,0,0,NA,0.833333333,1,138.5,0,0,3774.96,0,0
222,NA,8399,PWR,83,al,mw,108.8,19.6,9.3,11.9,4,23,9,2,9,3,0,0,0,NA,1.260869565,1,116.5,2,1,4192.44,0.5,0.018382353
223,NA,8400,PWR,83,al,mw,79.9,15.6,6.7,8.1,0,15,6,5,4,0,0,0,0,NA,0.866666667,1,82.2,0,0,1567.8,0,0
224,NA,8401,PWR,83,al,mw,82.6,16.1,8.4,8.4,0,14,6,1,5,2,0,0,0,NA,1.214285714,1,82.5,0,0,1893.36,0,0
225,NA,8402,PWR,83,al,mw,54,12.2,4.9,5.3,0,13,10,2,1,0,0,0,0,NA,0.307692308,0,NA,NA,NA,777.14,0,0
226,NA,8403,PWR,83,al,mw,88.9,18.3,7.6,10.1,0,21,10,7,2,2,0,0,0,NA,0.80952381,0,NA,NA,NA,2920.68,0,0
227,NA,8404,PWR,83,al,mw,70.2,15.1,7.5,7.9,0,16,6,4,4,2,0,0,0,NA,1.125,0,NA,NA,NA,1812,0,0
228,NA,8405,PWR,83,al,mw,20.4,10.8,5.3,5.2,0,2,1,1,0,0,0,0,0,girdled,0.5,0,NA,NA,NA,114.48,0,0
229,NA,8407,PWR,83,al,mw,66.7,17.1,7.4,7.9,1,18,9,5,4,0,0,0,0,NA,0.722222222,1,71,0,0,2277.72,0,0
230,NA,8317,PWR,83,mw,ng,92.7,18.7,9.1,8.5,0,15,6,3,3,1,2,0,0,NA,1.333333333,0,NA,NA,NA,2552.55,0,0
231,NA,8319,PWR,83,mw,ng,105.8,18.7,8.4,10.6,3,21,9,6,6,0,0,0,0,NA,0.857142857,0,NA,NA,NA,3298.68,0,0
232,NA,8320,PWR,83,mw,ng,107.2,18.2,8.1,8.5,2,20,9,3,8,0,0,0,0,NA,0.95,0,NA,NA,NA,2948.4,0,0
233,NA,8321,PWR,83,mw,ng,84.2,12.5,5.7,6.8,0,17,8,7,2,0,0,0,0,NA,0.647058824,0,NA,NA,NA,1211.25,0,0
234,NA,8322,PWR,83,mw,ng,108.9,18.1,8.4,11.4,2,21,5,11,4,1,0,0,0,NA,1.047619048,0,NA,NA,NA,3192.84,0,0
235,NA,8323,PWR,83,mw,ng,81.7,14.6,6.1,9.1,1,12,2,8,2,0,0,0,0,NA,1,0,NA,NA,NA,1068.72,0,0
236,NA,8325,PWR,83,mw,ng,112.2,18.1,7.5,10.2,2,19,5,10,4,0,0,0,0,NA,0.947368421,0,NA,NA,NA,2579.25,0,0
237,NA,8324,PWR,83,mw,ng,118.7,17.6,8.5,13.2,4,22,10,7,5,0,0,0,0,NA,0.772727273,0,NA,NA,NA,3291.2,0,0
238,NA,8326,PWR,83,mw,ng,99.4,16.3,7.4,9,1,20,10,4,5,0,1,0,0,NA,0.9,0,NA,NA,NA,2412.4,0,0
239,NA,8328,PWR,83,mw,ng,133.3,22.2,12.4,14.7,7,31,3,16,11,1,0,0,0,NA,1.322580645,1,145.4,2,0,8533.68,0.285714286,0.015003751
240,NA,8327,PWR,83,mw,ng,126.3,19.7,11,16.4,6,28,9,12,6,1,0,0,0,NA,0.964285714,1,137.5,3,0,6067.6,0.5,0.023752969
241,NA,8392,PWR,83,mw,ng,124.7,22.1,11,13.8,5,25,7,9,9,0,0,0,0,NA,1.08,0,NA,NA,NA,6077.5,0,0
242,NA,8358,PWR,83,ss,ks,98.7,18.9,8.7,11.1,0,19,10,5,4,0,0,0,0,NA,0.684210526,0,NA,NA,NA,3124.17,0,0
243,NA,8356,PWR,83,ss,hd,90.5,18.2,6.5,6.2,0,14,11,2,1,0,0,0,0,NA,0.285714286,0,NA,NA,NA,1656.2,0,0
244,NA,8359,PWR,83,ss,ks,108.5,23.2,10.4,12.2,0,19,10,5,4,0,0,0,0,NA,0.684210526,0,NA,NA,NA,4584.32,0,0
245,NA,8357,PWR,83,ss,hd,82.4,17.7,5.8,8.3,0,16,11,3,2,0,0,0,0,NA,0.4375,0,NA,NA,NA,1642.56,0,0
246,NA,8360,PWR,83,ss,ks,87.6,16.1,9.3,10,0,16,9,0,3,3,1,0,0,NA,1.1875,0,NA,NA,NA,2395.68,0,0
247,NA,8354,PWR,83,ss,hd,102.7,21.8,9,12.3,2,23,12,5,3,3,0,0,0,NA,0.869565217,1,116.7,0,0,4512.6,0,0
248,NA,8361,PWR,83,ss,ks,99.4,18,9,13.5,0,22,12,2,7,1,0,0,0,NA,0.863636364,0,NA,NA,NA,3564,0,0
249,NA,8355,PWR,83,ss,hd,88.3,18.4,6.9,10.2,0,18,8,5,4,0,1,0,0,NA,0.944444444,0,NA,NA,NA,2285.28,0,0
250,NA,8362,PWR,83,ss,ks,101.3,18.9,9.7,12.1,1,22,9,4,6,3,0,0,0,NA,1.136363636,0,NA,NA,NA,4033.26,0,0
251,NA,8408,PWR,83,ss,hd,40.7,11.7,3.4,3.5,0,9,9,0,0,0,0,0,0,NA,0,0,NA,NA,NA,358.02,0,0
252,NA,8363,PWR,83,ss,ks,118.7,19,10.7,15.1,1,22,12,6,3,1,0,0,0,NA,0.681818182,0,NA,NA,NA,4472.6,0,0
253,NA,8364,PWR,83,ss,ks,70.2,11.8,5.8,8.4,0,13,4,7,2,0,0,0,0,NA,0.846153846,0,NA,NA,NA,889.72,0,0
254,NA,8352,PWR,83,ss,hd,86.8,16.1,7,6.8,0,16,5,8,3,0,0,0,0,weevil,0.875,0,NA,NA,NA,1803.2,0,0
255,NA,8366,PWR,83,ss,ks,87.3,14.5,6.1,9.1,0,19,8,9,2,0,0,0,0,NA,0.684210526,0,NA,NA,NA,1680.55,0,0
256,NA,8350,PWR,83,ss,hd,89.6,15.3,7.1,8.2,0,19,7,9,3,0,0,0,0,NA,0.789473684,0,NA,NA,NA,2063.97,0,0
257,NA,8367,PWR,83,ss,ks,98.2,14.4,6.5,11.1,0,15,9,5,1,0,0,0,0,NA,0.466666667,0,NA,NA,NA,1404,0,0
258,NA,8351,PWR,83,ss,hd,122.2,20.6,8.1,17.4,4,28,11,10,6,1,0,0,0,NA,0.892857143,0,NA,NA,NA,4672.08,0,0
259,NA,8368,PWR,83,ss,ks,120.2,16.2,7.6,12.6,1,24,14,7,3,0,0,0,0,NA,0.541666667,0,NA,NA,NA,2954.88,0,0
260,NA,8349,PWR,83,ss,hd,95.5,16.1,6.7,11.5,0,17,9,3,4,1,0,0,0,NA,0.823529412,0,NA,NA,NA,1833.79,0,0
261,NA,8346,PWR,83,ss,hd,95.7,13.2,6.3,7.8,0,15,9,4,2,0,0,0,0,NA,0.533333333,0,NA,NA,NA,1247.4,0,0
262,NA,8342,PWR,83,ss,ks,99.6,16.2,6.4,9.3,0,22,9,9,3,1,0,0,0,NA,0.818181818,0,NA,NA,NA,2280.96,0,0
263,NA,8348,PWR,83,ss,hd,90.6,13.9,5.2,7.9,0,13,7,5,0,1,0,0,0,NA,0.615384615,0,NA,NA,NA,939.64,0,0
264,NA,8370,PWR,83,ss,ks,68.9,9.6,4.6,6.5,0,10,6,4,0,0,0,0,0,NA,0.4,0,NA,NA,NA,441.6,0,0
265,NA,8347,PWR,83,ss,hd,130.4,19.6,9.8,15.1,6,26,9,7,9,1,0,0,0,NA,1.076923077,1,145.8,0,2,4994.08,0,0
266,NA,8341,PWR,83,ss,ks,112.8,15.5,7,9.4,3,17,7,9,1,0,0,0,0,NA,0.647058824,0,NA,NA,NA,1844.5,0,0
267,NA,8371,PWR,83,ss,ks,116.4,17,7.5,11.5,1,23,5,10,7,1,0,0,0,NA,1.173913043,0,NA,NA,NA,2932.5,0,0
268,NA,8345,PWR,83,ss,hd,106.9,15.5,5.9,9,4,18,8,6,4,0,0,0,0,NA,0.777777778,1,110,1,1,1646.1,0.25,0.009354537
269,NA,8372,PWR,83,ss,ks,121.4,17.7,9.4,9.6,3,23,8,13,2,0,0,0,0,NA,0.739130435,0,NA,NA,NA,3826.74,0,0
270,NA,8373,PWR,83,ss,ks,127.1,17.6,8.4,15,4,24,8,12,2,2,0,0,0,NA,0.916666667,1,129.5,0,1,3548.16,0,0
271,NA,8340,PWR,83,ss,hd,80,13,4.7,4.5,0,14,8,3,3,0,0,0,0,NA,0.642857143,0,NA,NA,NA,855.4,0,0
272,NA,8339,PWR,83,ss,hd,104.6,16.3,7.1,13,1,23,8,11,1,3,0,0,0,NA,0.956521739,0,NA,NA,NA,2661.79,0,0
273,NA,8375,PWR,83,ss,ks,89.1,16.6,8.5,9.1,0,19,10,7,2,0,0,0,0,NA,0.578947368,0,NA,NA,NA,2680.9,0,0
274,NA,8338,PWR,83,ks,al,109.5,17.4,6.5,14.4,0,23,12,9,2,0,0,0,0,NA,0.565217391,0,NA,NA,NA,2601.3,0,0
275,NA,8336,PWR,83,ks,al,119.6,15.6,7.9,11.2,3,21,8,2,9,2,0,0,0,NA,1.238095238,0,NA,NA,NA,2588.04,0,0
276,NA,8376,PWR,83,ks,ks,110.8,17.1,8.5,12.4,4,24,8,12,4,0,0,0,0,NA,0.833333333,1,96.5,2,0,3488.4,0.5,0.018050542
277,NA,8334,PWR,83,ks,al,91.4,14.1,5.8,7.7,0,16,11,3,2,0,0,0,0,NA,0.4375,1,93.2,0,0,1308.48,0,0
278,NA,8377,PWR,83,ks,al,108.8,17.9,8.9,13.4,2,21,10,4,7,0,0,0,0,NA,0.857142857,1,709.8,1,0,3345.51,0.5,0.009191176
279,NA,8332,PWR,83,ks,al,89.3,15,5.4,10.3,0,22,8,7,7,0,0,0,0,NA,0.954545455,0,NA,NA,NA,1782,0,0
280,NA,8379,PWR,83,ks,ks,91,16,5.7,8.6,1,19,9,6,4,0,0,0,0,NA,0.736842105,0,NA,NA,NA,1732.8,0,0
281,NA,8330,PWR,83,ks,ks,119,15.6,7.9,10.2,2,22,8,12,1,1,0,0,0,NA,0.772727273,0,NA,NA,NA,2711.28,0,0
282,NA,8329,PWR,83,ks,al,96.5,14.6,7.7,7.8,4,15,5,7,3,0,0,0,0,NA,0.866666667,0,NA,NA,NA,1686.3,0,0
283,NA,8383,PWR,83,ks,ks,113.2,16.9,8,10.4,2,23,8,12,3,0,0,0,0,NA,0.782608696,0,NA,NA,NA,3109.6,0,0
284,NA,8382,PWR,83,ks,al,115.4,18.2,8.5,10,2,18,8,7,3,0,0,0,0,NA,0.722222222,0,NA,NA,NA,2784.6,0,0
285,NA,8381,PWR,83,ks,ks,113.6,18.1,8.9,9.6,2,26,10,7,6,3,0,0,0,NA,1.076923077,0,NA,NA,NA,4188.34,0,0
286,NA,8380,PWR,83,ks,al,116.3,17.2,7.5,12.4,2,22,7,7,6,2,0,0,0,NA,1.136363636,0,NA,NA,NA,2838,0,0
287,NA,8384,PWR,83,ks,ks,108.7,18.3,9.2,10.5,2,27,7,16,3,1,0,0,0,NA,0.925925926,0,NA,NA,NA,4545.72,0,0
288,NA,8385a,PWR,83,ks,al,67.1,11,4.4,6.7,0,12,10,2,0,0,0,0,0,NA,0.166666667,0,NA,NA,NA,580.8,0,0
289,NA,8388,PWR,83,ks,al,100.1,15.5,6.5,9.6,1,19,8,7,4,0,0,0,0,NA,0.789473684,0,NA,NA,NA,1914.25,0,0
290,NA,8385b,PWR,83,ks,al,114.6,16.4,8,11.5,3,22,5,3,14,0,0,0,0,NA,1.409090909,0,NA,NA,NA,2886.4,0,0
291,NA,8387,PWR,83,ks,al,88.4,14.3,4.6,8.3,0,16,9,5,2,0,0,0,0,NA,0.5625,0,NA,NA,NA,1052.48,0,0
292,NA,8390,PWR,83,ks,al,97,16.4,5.1,8.6,1,20,9,8,3,0,0,0,0,NA,0.7,0,NA,NA,NA,1672.8,0,0
293,NA,8129,PWR,81,ks,hd,54.7,10.2,3.5,5.2,0,14,6,5,1,2,0,0,0,NA,0.928571429,0,NA,NA,NA,499.8,0,0
294,NA,8130,PWR,81,ks,hd,56.8,11.4,3.5,5,0,15,8,4,3,0,0,0,0,NA,0.666666667,0,NA,NA,NA,598.5,0,0
295,NA,8131,PWR,81,ks,hd,46.5,12.8,5,4,0,14,10,2,1,1,0,0,0,NA,0.5,0,NA,NA,NA,896,0,0
296,NA,8160,PWR,81,ng,mw,47,12.1,4.7,4.8,0,15,8,4,0,3,0,0,0,NA,0.866666667,0,NA,NA,NA,853.05,0,0
297,NA,4238,BLD1,42,hd,yy,46.6,13.2,5.9,5.8,0,9,8,1,0,0,0,0,0,NA,0.111111111,0,NA,NA,NA,700.92,0,0
298,NA,4237,BLD1,42,hd,yy,26.5,10.2,4.8,3.8,0,4,4,0,0,0,0,0,0,NA,0,0,NA,NA,NA,195.84,0,0
299,NA,4236,BLD1,42,hd,yy,55.6,11,3.9,8.8,2,3,3,0,0,0,0,0,0,sickly yellow leaves_dying,0,0,NA,NA,NA,128.7,0,0
300,NA,4234,BLD1,42,hd,yy,3.8,NA,NA,0.4,0,NA,0,0,0,0,0,0,0,seedling,0,0,NA,NA,NA,NA,0,0
301,NA,4233,BLD1,42,hd,yy,4.2,NA,NA,0.6,0,NA,0,0,0,0,0,0,0,seedling,0,0,NA,NA,NA,NA,0,0
302,NA,4232,BLD1,42,hd,yy,5.1,NA,NA,0.7,0,NA,0,0,0,0,0,0,0,seedling,0,0,NA,NA,NA,NA,0,0
303,NA,4231,BLD1,42,hd,yy,5,NA,NA,0.6,0,NA,0,0,0,0,0,0,0,seedling,0,0,NA,NA,NA,NA,0,0
304,NA,4268,BLD1,42,hd,yy,4.6,NA,NA,0.6,0,NA,0,0,0,0,0,0,0,seedling,0,0,NA,NA,NA,NA,0,0
305,NA,4228,BLD1,42,hd,yy,23.2,6.4,3,4.4,0,1,1,0,0,0,0,0,0,NA,0,0,NA,NA,NA,19.2,0,0
306,NA,4226,BLD1,42,hd,yy,42.6,10.5,4.6,4.4,0,7,7,0,0,0,0,0,0,NA,0,0,NA,NA,NA,338.1,0,0
307,NA,4225,BLD1,42,hd,yy,39.7,9,3.7,3.8,0,7,7,0,0,0,0,0,0,NA,0,0,NA,NA,NA,233.1,0,0
308,NA,4221,BLD1,42,hd,yy,53.1,10.6,4.1,6.1,0,12,10,0,2,0,0,0,0,stem broken but not by us_leaning over,0.333333333,0,NA,NA,NA,521.52,0,0
309,NA,4222,BLD1,42,hd,yy,43.3,12.7,5.4,5.3,0,9,8,1,0,0,0,0,0,NA,0.111111111,0,NA,NA,NA,617.22,0,0
310,NA,4220,BLD1,42,hd,yy,45.5,10.5,6.2,9.2,0,6,6,0,0,0,0,0,0,NA,0,1,73.8,0,0,390.6,0,0
311,NA,4218,BLD1,42,hd,yy,58.6,11.4,4.5,6.9,0,14,14,0,0,0,0,0,0,NA,0,0,NA,NA,NA,718.2,0,0
312,NA,4217,BLD1,42,hd,yy,52.5,10.6,4.9,6.2,0,10,10,0,0,0,0,0,0,NA,0,0,NA,NA,NA,519.4,0,0
313,NA,4216,BLD1,42,hd,yy,21.6,NA,NA,1.6,0,NA,0,0,0,0,0,0,0,all leaves smaller than 5_1 leaf has herb score 1,0,0,NA,NA,NA,NA,0,0
314,NA,4215,BLD1,42,hd,yy,50.2,13.5,5.1,5.9,1,9,9,0,0,0,0,0,0,NA,0,1,58.3,0,0,619.65,0,0
315,NA,4213,BLD1,42,hd,yy,42.9,11,4.5,5.5,0,9,9,0,0,0,0,0,0,NA,0,0,NA,NA,NA,445.5,0,0
316,NA,4212,BLD1,42,hd,yy,44.9,13.4,4.8,4.8,0,8,8,0,0,0,0,0,0,NA,0,1,49.6,0,0,514.56,0,0
317,NA,4211,BLD1,42,hd,yy,41.7,11,3.4,3.9,0,7,7,0,0,0,0,0,0,NA,0,0,NA,NA,NA,261.8,0,0
318,NA,4209,BLD1,42,hd,yy,NA,NA,NA,NA,NA,NA,0,0,0,0,0,0,0,dogbane,0,0,NA,NA,NA,NA,0,0
319,NA,4016,BLD1,40,sf,mn,5.6,NA,NA,0.6,0,0,0,0,0,0,0,0,0,NA,0,0,NA,NA,NA,NA,0,0
320,NA,4023,BLD1,40,sf,mn,3.3,NA,NA,5.1,0,0,0,0,0,0,0,0,0,budling,0,0,NA,NA,NA,NA,0,0
321,NA,4003,BLD1,40,sf,mn,16.5,NA,NA,6.1,0,0,0,0,0,0,0,0,0,primary stem chewed off,0,0,NA,NA,NA,NA,0,0
322,NA,4028,BLD1,40,sf,mn,12.5,NA,NA,2.5,0,0,0,0,0,0,0,0,0,seedling,0,1,21.2,0,0,NA,0,0
323,NA,4014,BLD1,40,sf,mn,47.4,14.6,5,5.4,0,8,7,0,1,0,0,0,0,NA,0.25,0,NA,NA,NA,584,0,0
324,NA,4029,BLD1,40,sf,mn,9,NA,NA,0.7,0,0,0,0,0,0,0,0,0,seedling,0,0,NA,NA,NA,NA,0,0
325,NA,4349,BLD1,43,mn,sf,38.2,9.3,4,3.6,0,8,8,0,0,0,0,0,0,NA,0,1,42.7,0,0,297.6,0,0
326,NA,4362,BLD1,43,mn,sf,61.2,13.5,6.8,9.4,0,14,11,3,0,0,0,0,0,"remeasurer: ng, recorder: hd on 170613, duplicateâ€¦ averaging in clean data",0.214285714,1,85.7,0,0,1285.2,0,0
327,NA,4343,BLD1,43,mn,sf,69.1,17.3,7.4,14.2,1,16,16,0,0,0,0,0,0,NA,0,1,103.2,2,2,2048.32,2,0.02894356
328,NA,4336,BLD1,43,mn,sf,62.4,16.9,7.8,13,2,16,14,2,0,0,0,0,0,budling,0.125,1,87.3,0,1,2109.12,0,0
329,NA,4335,BLD1,43,mn,sf,35.1,9.6,3.6,3.9,0,10,7,2,1,0,0,0,0,NA,0.4,0,NA,NA,NA,345.6,0,0
330,NA,4333,BLD1,43,mn,sf,4.4,NA,NA,0.5,0,0,0,0,0,0,0,0,0,seedling,0,0,NA,NA,NA,NA,0,0
331,NA,4356,BLD1,43,sf,mn,12.2,NA,NA,0.02,0,0,0,0,0,0,0,0,0,seedling,0,0,NA,NA,NA,NA,0,0
332,NA,4357,BLD1,43,sf,mn,15,NA,NA,1,0,0,0,0,0,0,0,0,0,seedling,0,0,NA,NA,NA,NA,0,0
333,NA,4363,BLD1,43,sf,mn,39.4,10.3,4,3.6,0,8,6,1,1,0,0,0,0,NA,0.375,1,43.8,0,0,329.6,0,0
334,NA,4359,BLD1,43,sf,mn,16.5,NA,NA,2.1,0,0,0,0,0,0,0,0,0,seedling,0,0,NA,NA,NA,NA,0,0
335,NA,4354,BLD1,43,sf,mn,32.7,10.4,3.8,3.1,0,10,9,1,0,0,0,0,0,NA,0.1,1,38.7,0,0,395.2,0,0
336,NA,4326,BLD1,43,sf,mn,25.3,11.5,4.6,3,0,8,6,2,0,0,0,0,0,NA,0.25,0,NA,NA,NA,423.2,0,0
337,NA,4331,BLD1,43,sf,mn,70,18.5,8,11,3,16,16,0,0,0,0,0,0,NA,0,1,96.1,3,1,2368,1,0.042857143
338,NA,4332,BLD1,43,sf,mn,34.4,12.8,5.6,6.9,0,9,7,0,2,0,0,0,0,NA,0.444444444,1,45.3,0,0,645.12,0,0
339,NA,4330,BLD1,43,sf,mn,52.4,12.5,6.5,10,2,8,5,3,0,0,0,0,0,NA,0.375,1,77.9,0,1,650,0,0
340,NA,4368,BLD1,43,sf,mn,28.4,7,2.8,2.5,0,4,4,0,0,0,0,0,0,NA,0,0,NA,NA,NA,78.4,0,0
341,NA,4367,BLD1,43,sf,mn,29.4,5.6,2.1,1.9,0,4,3,1,0,0,0,0,0,NA,0.25,0,NA,NA,NA,47.04,0,0
342,NA,4366,BLD1,43,sf,mn,26.3,7.4,2,1.5,0,5,5,0,0,0,0,0,0,NA,0,0,NA,NA,NA,74,0,0
343,NA,4321,BLD1,43,sf,mn,45.1,12.6,6.2,9.6,0,8,8,0,0,0,0,0,0,NA,0,1,96.3,0,0,624.96,0,0
344,NA,4264,BLD1,42,ss,ks,23.2,7.5,2.9,4.8,0,5,5,0,0,0,0,0,0,NA,0,1,44.3,0,0,108.75,0,0
345,NA,4262,BLD1,42,ss,ks,42.2,12.5,4.4,4.9,0,13,13,0,0,0,0,0,0,NA,0,0,NA,NA,NA,715,0,0
346,NA,4261,BLD1,42,ss,ks,50.6,13.6,5.9,10.8,0,8,8,0,0,0,0,0,0,NA,0,1,75.6,0,0,641.92,0,0
347,NA,4260,BLD1,42,ss,ks,19.8,5,2,2.9,0,2,2,0,0,0,0,0,0,NA,0,0,NA,NA,NA,20,0,0
348,NA,4259,BLD1,42,ss,ks,28.6,10.6,3.9,5.2,0,6,6,0,0,0,0,0,0,NA,0,0,NA,NA,NA,248.04,0,0
349,NA,4258,BLD1,42,ss,ks,25.1,6.4,1.8,1.7,0,3,3,0,0,0,0,0,0,NA,0,0,NA,NA,NA,34.56,0,0
350,NA,4257,BLD1,42,ss,ks,42.1,9.2,4.1,11,0,7,7,0,0,0,0,0,0,NA,0,1,62.5,0,0,264.04,0,0
351,NA,4256,BLD1,42,ss,ks,24.6,10.9,4.3,6.6,0,5,4,1,0,0,0,0,0,NA,0.2,0,NA,NA,NA,234.35,0,0
352,NA,4267,BLD1,42,ss,ks,7.7,5.6,2.4,4.3,0,1,1,0,0,0,0,0,0,NA,0,1,18.1,0,0,13.44,0,0
353,NA,4255,BLD1,42,ss,ks,28.6,10.2,4.7,6.8,0,7,6,1,0,0,0,0,0,NA,0.142857143,0,NA,NA,NA,335.58,0,0
354,NA,4249,BLD1,42,ks,ss,33.8,7,3.8,2.7,0,6,4,0,2,0,0,0,0,NA,0.666666667,0,NA,NA,NA,159.6,0,0
355,NA,4248,BLD1,42,ks,ss,70.4,15.4,7.9,11.5,1,17,16,1,0,0,0,0,0,NA,0.058823529,1,102,0,0,2068.22,0,0
356,NA,4246,BLD1,42,ks,ss,37.3,7.8,5.5,8.1,0,6,5,0,0,0,0,0,1,NA,1,0,NA,NA,NA,257.4,0,0
357,NA,4245,BLD1,42,ks,ss,43.4,9.1,5.6,7.9,0,8,8,0,0,0,0,0,0,NA,0,1,63.8,0,0,407.68,0,0
358,NA,4244,BLD1,42,ks,ss,40,10.4,5.5,4.9,0,7,7,0,0,0,0,0,0,NA,0,0,NA,NA,NA,400.4,0,0
359,NA,4204,BLD1,42,ks,ss,16.6,NA,NA,4.4,0,0,0,0,0,0,0,0,0,girdle,0,0,NA,NA,NA,NA,0,0
360,NA,4205,BLD1,42,ks,ss,75.2,17.3,8.5,10.1,6,20,19,1,0,0,0,0,0,NA,0.05,0,NA,NA,NA,2941,0,0
361,NA,4207,BLD1,42,ks,ss,50.4,13.9,4.8,6,2,14,11,3,0,0,0,0,0,NA,0.214285714,1,55.2,0,0,934.08,0,0
362,NA,4208,BLD1,42,ks,ss,58.6,12.3,4.6,7,3,14,7,6,1,0,0,0,0,NA,0.571428571,1,64.6,0,0,792.12,0,0
363,NA,4308,BLD1,43,ss,yy,78.5,13.5,6.3,10,3,14,14,0,0,0,0,0,0,NA,0,1,107.1,3,0,1190.7,1,0.038216561
364,NA,4301,BLD1,43,ss,yy,30.9,9.8,3.1,2.8,0,6,6,0,0,0,0,0,0,NA,0,0,NA,NA,NA,182.28,0,0
365,NA,4309,BLD1,43,ss,mw,42.9,13.1,5.1,5.9,0,12,11,1,0,0,0,0,0,NA,0.083333333,0,NA,NA,NA,801.72,0,0
366,NA,4310,BLD1,43,ss,mw,57.9,13.6,5.9,7.6,0,12,11,1,0,0,0,0,0,NA,0.083333333,1,70.1,0,0,962.88,0,0
367,NA,4319,BLD1,43,ss,mw,53.5,13.8,5.7,6.6,2,13,12,1,0,0,0,0,0,NA,0.076923077,1,60.6,0,0,1022.58,0,0
368,NA,4545,BLD2,45,ss,ak,79.4,14.8,6.2,8.2,0,16,14,2,0,0,0,0,0,NA,0.125,1,96.3,0,0,1468.16,0,0
369,NA,4500,BLD2,45,ss,ak,84,14.8,8.1,11.1,3,16,14,2,0,0,0,0,0,NA,0.125,1,106.5,0,0,1918.08,0,0
370,NA,4542,BLD2,45,ss,ak,73.8,13.8,6.9,8.5,0,11,10,0,0,1,0,0,0,NA,0.272727273,1,87.1,0,0,1047.42,0,0
371,NA,4540,BLD2,45,ss,ak,73.2,14.2,6.4,7.6,2,14,10,3,1,0,0,0,0,NA,0.357142857,0,NA,NA,NA,1272.32,0,0
372,NA,4541,BLD2,45,ss,ak,79.5,14.8,7.2,8.3,2,12,9,3,0,0,0,0,0,NA,0.25,1,87.5,0,0,1278.72,0,0
373,NA,4539,BLD2,45,ss,ak,58.6,13.5,7.9,7.8,0,9,2,0,1,0,4,2,0,NA,3.111111111,0,NA,NA,NA,959.85,0,0
374,NA,4537,BLD2,45,ss,ak,82.8,15.5,9.1,9.1,4,15,13,2,0,0,0,0,0,NA,0.133333333,1,111.9,0,0,2115.75,0,0
375,NA,4535,BLD2,45,ss,jh,47.1,9.1,3.7,3.5,0,8,4,2,1,1,0,0,0,NA,0.875,0,NA,NA,NA,269.36,0,0
376,NA,4534,BLD2,45,ss,jh,41.7,9.8,4.8,4.4,0,6,4,1,1,0,0,0,0,NA,0.5,0,NA,NA,NA,282.24,0,0
377,NA,4532,BLD2,45,ss,ak,70.1,15.1,7.5,9.4,2,14,10,1,3,0,0,0,0,NA,0.5,0,NA,NA,NA,1585.5,0,0
378,NA,4533,BLD2,45,ss,ak,58.9,11.3,5.6,6.3,0,7,5,0,2,0,0,0,0,NA,0.571428571,1,65.7,0,0,442.96,0,0
379,NA,4530,BLD2,45,ss,jh,60,12.4,6.7,75,0,11,10,1,0,0,0,0,0,NA,0.090909091,0,NA,NA,NA,913.88,0,0
380,NA,4522,BLD2,45,ss,ak,62.9,10,3.8,9.2,0,4,4,0,0,0,0,0,0,NA,0,0,NA,NA,NA,152,0,0
381,NA,4605,BLD2,46,rd,ks,66.2,11,6,9.6,0,10,9,1,0,0,0,0,0,NA,0.1,0,NA,NA,NA,660,0,0
382,NA,4050,BLD1,40,ak,rd,5,NA,NA,0.4,0,0,0,0,0,0,0,0,0,skipped numbers bc cant remember last numbered used,0,0,NA,NA,NA,NA,0,0
383,NA,4051,BLD1,40,ak,rd,24.5,13.5,4,8.4,0,1,1,0,0,0,0,0,0,"top chewed off, leaf yellow",0,0,NA,NA,NA,54,0,0
384,NA,4052,BLD1,40,ak,rd,24,11.4,4,7.7,0,2,0,2,0,0,0,0,0,"top chewed off, leaf yellow",1,0,NA,NA,NA,91.2,0,0
385,NA,4304,BLD1,43,rd,ak,71.7,17.7,6.9,8.7,0,14,9,1,2,2,0,0,0,under a bush,0.785714286,1,96,0,0,1709.82,0,0
386,NA,4307,BLD1,43,rd,ak,7.2,NA,NA,0.4,0,0,0,0,0,0,0,0,0,NA,0,1,8.5,0,0,NA,0,0
387,NA,4313,BLD1,43,rd,ak,8.4,NA,NA,0.8,0,0,0,0,0,0,0,0,0,"seedling, split stem",0,0,NA,NA,NA,NA,0,0
388,NA,4312,BLD1,43,rd,ak,73.6,14.8,7.1,10.1,5,18,12,2,4,0,0,0,0,NA,0.555555556,1,94.2,2,0,1891.44,0.4,0.027173913
389,NA,4315,BLD1,43,rd,ak,74.7,16.6,7.3,10.6,5,16,14,1,0,1,0,0,0,NA,0.25,1,96.5,2,0,1938.88,0.4,0.026773762
390,NA,4370,BLD1,43,rd,ak,32,7.2,2.3,1.9,0,4,4,0,0,0,0,0,0,NA,0,0,NA,NA,NA,66.24,0,0
391,NA,4323,BLD1,43,rd,ak,59.1,12.9,6.8,8.4,2,13,10,0,2,1,0,0,0,NA,0.538461538,1,67.3,0,0,1140.36,0,0
392,NA,4325,BLD1,43,rd,ak,26.6,7.2,2.8,2.2,0,6,5,1,0,0,0,0,0,NA,0.166666667,0,NA,NA,NA,120.96,0,0
393,NA,4327,BLD1,43,rd,ak,64.6,15.1,7.4,11.3,3,14,12,1,1,0,0,0,0,NA,0.214285714,1,89,0,0,1564.36,0,0
394,NA,4365,BLD1,43,rd,ak,22.6,8.4,2.6,3.4,0,6,5,1,0,0,0,0,0,NA,0.166666667,0,NA,NA,NA,131.04,0,0
395,NA,4337,BLD1,43,rd,ak,27.3,10,4.5,5.3,0,4,3,1,0,0,0,0,0,NA,0.25,1,36.2,0,0,180,0,0
396,NA,4339,BLD1,43,rd,ak,67.1,14.2,6.8,8.1,3,12,10,2,0,0,0,0,0,NA,0.166666667,1,81.2,0,0,1158.72,0,0
397,NA,4340,BLD1,43,rd,ak,42.3,11.6,4.8,3.8,0,9,9,0,0,0,0,0,0,NA,0,0,NA,NA,NA,501.12,0,0
398,NA,4341,BLD1,43,rd,ak,38.6,9.1,2.8,2.4,0,8,6,2,0,0,0,0,0,NA,0.25,0,NA,NA,NA,203.84,0,0
399,NA,4374,BLD1,43,rd,ak,4.9,NA,NA,0.7,0,0,0,0,0,0,0,0,0,seedling,0,0,NA,NA,NA,NA,0,0
400,NA,4345,BLD1,43,rd,ak,15.4,8.8,2.8,5.2,0,7,2,1,3,0,0,0,1,"apical stem damaged, axillary resprout",1.857142857,0,NA,NA,NA,172.48,0,0
401,NA,4346,BLD1,43,rd,ak,4.4,5.6,2.2,2.9,0,1,0,1,0,0,0,0,0,NA,1,0,NA,NA,NA,12.32,0,0
402,NA,4373,BLD1,43,rd,ak,1.8,NA,NA,2.7,0,0,0,0,0,0,0,0,0,budling,0,0,NA,NA,NA,NA,0,0
403,NA,4348,BLD1,43,rd,ak,67.2,14.8,6.8,7.3,2,14,12,2,0,0,0,0,0,NA,0.142857143,1,81.2,0,0,1408.96,0,0
404,NA,4353,BLD1,43,rd,ak,69.1,16.1,7.6,10.1,2,14,12,0,2,0,0,0,0,NA,0.285714286,1,83.8,0,0,1713.04,0,0
405,NA,4351,BLD1,43,rd,ak,54.6,12.7,6.5,7.6,0,9,9,0,0,0,0,0,0,NA,0,1,79.1,1,0,742.95,Inf,0.018315018
406,NA,4526,BLD2,45,rd,yy,43.1,11.5,4.5,4.6,0,6,4,0,0,1,0,1,0,NA,1.333333333,0,NA,NA,NA,310.5,0,0
407,NA,4508,BLD2,45,rd,yy,37.7,8,3.2,1.8,0,4,4,0,0,0,0,0,0,NA,0,0,NA,NA,NA,102.4,0,0
408,NA,4507,BLD2,45,rd,yy,61.3,12.3,6,6.7,1,12,12,0,0,0,0,0,0,2 yellow leaves,0,0,NA,NA,NA,885.6,0,0
409,NA,4505,BLD2,45,rd,yy,53.6,9.1,4.2,4.6,0,9,6,3,0,0,0,0,0,NA,0.333333333,0,NA,NA,NA,343.98,0,0
410,NA,4506,BLD2,45,rd,yy,50.8,7.8,4.2,5.4,0,4,4,0,0,0,0,0,0,NA,0,0,NA,NA,NA,131.04,0,0
411,NA,4504,BLD2,45,rd,yy,80.5,13,5.6,7.3,3,12,11,1,0,0,0,0,0,2 yellow leaves,0.083333333,1,93.4,0,0,873.6,0,0
412,NA,4529,BLD2,45,rd,yy,20,8.2,4,8.3,0,1,0,0,0,0,1,0,0,top kill,4,0,NA,NA,NA,32.8,0,0
413,NA,4513,BLD2,45,rd,yy,14.7,6.7,2.9,10.6,0,1,1,0,0,0,0,0,0,top kill,0,0,NA,NA,NA,19.43,0,0
414,NA,4517,BLD2,45,rd,yy,29.1,9.5,3.6,2.2,0,5,4,1,0,0,0,0,0,NA,0.2,0,NA,NA,NA,171,0,0
415,NA,4518,BLD2,45,rd,yy,53.2,10.8,5.3,5.6,0,10,9,1,0,0,0,0,0,NA,0.1,0,NA,NA,NA,572.4,0,0
416,NA,4520,BLD2,45,rd,yy,10.9,NA,NA,1,0,NA,0,0,0,0,0,0,0,NA,0,0,NA,NA,NA,NA,0,0
417,NA,7200,SKY,72,sf,jh,81.6,20.4,8.5,10.4,5,10,8,1,0,1,0,0,0,NA,0.4,1,84.4,2,0,1734,0.4,0.024509804
418,NA,7202,SKY,72,sf,jh,78.8,15.6,8.6,10.6,0,14,9,1,3,1,0,0,0,NA,0.714285714,0,NA,NA,NA,1878.24,0,0
419,NA,7204,SKY,72,sf,jh,58.8,13.6,5.1,7.5,0,8,6,0,2,0,0,0,0,NA,0.5,0,NA,NA,NA,554.88,0,0
420,NA,7206,SKY,72,sf,jh,52.9,16.9,6.8,8.2,0,8,5,1,1,1,0,0,0,NA,0.75,0,NA,NA,NA,919.36,0,0
421,NA,7208,SKY,72,sf,jh,49.4,15,6.4,7.5,0,10,6,1,2,1,0,0,0,NA,0.8,0,NA,NA,NA,960,0,0
422,NA,7210,SKY,72,sf,jh,46.7,11.9,6.8,7.2,0,10,7,1,1,1,0,0,0,top chewed,0.6,0,NA,NA,NA,809.2,0,0
423,NA,7212,SKY,72,sf,jh,61.6,13.3,7.8,9.8,1,12,10,1,0,0,1,0,0,NA,0.416666667,0,NA,NA,NA,1244.88,0,0
424,NA,7214,SKY,72,sf,jh,108.5,20,11.1,15.4,7,20,14,0,1,1,4,0,0,NA,1.05,0,NA,NA,NA,4440,0,0
425,NA,7236,SKY,72,sf,jh,48.6,13.1,6.6,8.5,1,10,8,0,1,0,1,0,0,NA,0.6,0,NA,NA,NA,864.6,0,0
426,NA,7216,SKY,72,sf,jh,92.2,18.6,9.9,13,4,16,14,2,0,0,0,0,0,NA,0.125,0,NA,NA,NA,2946.24,0,0
427,NA,7237,SKY,72,sf,jh,40.3,14.6,5.2,8.7,0,2,1,1,0,0,0,0,0,mainly chewed off,0.5,0,NA,NA,NA,151.84,0,0
428,NA,7218,SKY,72,sf,jh,85.7,16.4,9.1,12.3,4,16,12,0,1,1,0,2,0,NA,0.9375,0,NA,NA,NA,2387.84,0,0
429,NA,7220,SKY,72,sf,jh,79.3,15.8,8.8,10.6,3,11,8,3,0,0,0,0,0,NA,0.272727273,0,NA,NA,NA,1529.44,0,0
430,NA,7222,SKY,72,sf,jh,87.4,22.5,11,12,4,12,11,1,0,0,0,0,0,NA,0.083333333,0,NA,NA,NA,2970,0,0
431,NA,7224,SKY,72,sf,jh,79,17.6,8.1,10.1,3,12,11,1,0,0,0,0,0,NA,0.083333333,0,NA,NA,NA,1710.72,0,0
432,NA,7226,SKY,72,sf,jh,46.9,11.7,4.4,5,0,9,7,1,1,0,0,0,0,NA,0.333333333,0,NA,NA,NA,463.32,0,0
433,NA,7228,SKY,72,sf,jh,66.8,15.1,7.2,8.9,0,8,8,0,0,0,0,0,0,NA,0,0,NA,NA,NA,869.76,0,0
434,NA,7234,SKY,72,sf,jh,61.2,9.9,4.2,6.9,0,4,0,1,1,1,1,0,0,main stem chewed  off formed shoot,2.5,0,NA,NA,NA,166.32,0,0
435,NA,7232,SKY,72,sf,jh,88.9,15.1,6.6,8.4,2,10,9,1,0,0,0,0,0,NA,0.1,1,94.3,1,0,996.6,0.5,0.011248594
436,NA,7230,SKY,72,sf,jh,71.6,14.9,5,7.3,1,15,13,2,0,0,0,0,0,NA,0.133333333,0,NA,NA,NA,1117.5,0,0
437,NA,7201,SKY,72,sf,jh,78.9,15.1,8.4,9,0,16,13,0,2,0,1,0,0,NA,0.5,0,NA,NA,NA,2029.44,0,0
438,NA,7203,SKY,72,sf,jh,51.6,13,6.7,6.9,0,10,7,0,2,1,0,0,0,NA,0.7,0,NA,NA,NA,871,0,0
439,NA,7205,SKY,72,sf,jh,31.6,11.8,4.3,6.4,0,4,3,0,1,0,0,0,0,NA,0.5,0,NA,NA,NA,202.96,0,0
440,NA,7207,SKY,72,sf,jh,96.4,17.1,10.2,14.5,5,17,10,1,1,0,0,5,0,NA,1.647058824,0,NA,NA,NA,2965.14,0,0
441,NA,7209,SKY,72,sf,jh,59.5,13.1,6.3,7.7,1,9,8,1,0,0,0,0,0,NA,0.111111111,0,NA,NA,NA,742.77,0,0
442,NA,7211,SKY,72,sf,jh,98.6,19.6,11.6,14,6,19,14,0,0,2,0,3,0,NA,1.105263158,0,NA,NA,NA,4319.84,0,0
443,NA,7213,SKY,72,sf,jh,54.5,13.1,6.6,7.1,0,13,9,1,2,1,0,0,0,primary stem chewed,0.615384615,0,NA,NA,NA,1123.98,0,0
444,NA,7300,SKY,73,sf,jh,105.7,17,9.5,13.4,4,22,20,0,0,2,0,0,0,NA,0.272727273,1,123.2,1,4,3553,0.25,0.009460738
445,NA,7324,SKY,73,sf,jh,62.1,13.7,6,8,0,13,13,0,0,0,0,0,0,NA,0,1,79.7,0,0,1068.6,0,0
446,NA,7319,SKY,73,sf,jh,55.3,13.6,5.7,5.4,0,10,10,0,0,0,0,0,0,NA,0,0,NA,NA,NA,775.2,0,0
447,NA,7330,SKY,73,sf,jh,119.4,21.1,9.5,14.7,5,18,17,1,0,0,0,0,0,NA,0.055555556,1,139.9,0,0,3608.1,0,0
448,NA,7334,SKY,73,sf,jh,108.4,19.9,9.3,15.5,5,20,19,1,0,0,0,0,0,NA,0.05,1,123.2,3,1,3701.4,0.6,0.027675277
449,NA,7335,SKY,73,sf,jh,106.6,20.9,9.6,12.5,6,21,21,0,0,0,0,0,0,NA,0,1,116.3,2,3,4213.44,0.333333333,0.018761726
450,NA,7343,SKY,73,sf,jh,118.7,20.2,9.5,15,8,22,21,1,0,0,0,0,0,umbel 8 is 0,0.045454545,1,139.9,3,4,4221.8,0.375,0.025273799
451,NA,7347,SKY,73,sf,jh,24.9,9,3.3,3.9,NA,3,3,0,0,0,0,0,0,NA,0,0,NA,NA,NA,89.1,0,0
452,NA,7352,SKY,73,sf,jh,25,8.4,2.1,1.5,0,6,5,1,0,0,0,0,0,NA,0.166666667,0,NA,NA,NA,105.84,0,0
453,NA,7235,SKY,72,ak,yy,60.2,11.7,4.1,5.2,0,6,6,0,0,0,0,0,0,NA,0,0,NA,NA,NA,287.82,0,0
454,NA,7231,SKY,72,ak,yy,98.5,18.1,6.9,9.9,4,14,14,0,0,0,0,0,0,NA,0,1,103.4,2,0,1748.46,0.5,0.020304569
455,NA,7229,SKY,72,ak,yy,78.8,17,6.7,8.1,3,13,13,0,0,0,0,0,0,NA,0,1,90.4,1,1,1480.7,0.333333333,0.012690355
456,NA,7227,SKY,72,ak,yy,91.2,17.1,7.8,10.4,4,12,12,0,0,0,0,0,0,NA,0,1,92,1,0,1600.56,0.25,0.010964912
457,NA,7225,SKY,72,ak,yy,24.8,NA,NA,1.2,0,NA,0,0,0,0,0,0,0,NA,0,0,NA,NA,NA,NA,0,0
458,NA,7223,SKY,72,ak,yy,90.7,17,7.6,10.2,3,15,14,1,0,0,0,0,0,NA,0.066666667,1,87.8,1,0,1938,0.333333333,0.011025358
459,NA,7221,SKY,72,ak,yy,63.2,15.9,5.7,5.6,0,12,8,4,0,0,0,0,0,NA,0.333333333,0,NA,NA,NA,1087.56,0,0
460,NA,7219,SKY,72,ak,yy,83.6,17.5,7.2,10.7,3,12,11,1,0,0,0,0,0,NA,0.083333333,1,87.5,1,0,1512,0.333333333,0.011961722
461,NA,7217,SKY,72,ak,yy,76.7,15.3,5,8.2,2,13,12,1,0,0,0,0,0,NA,0.076923077,0,NA,NA,NA,994.5,0,0
462,NA,7215,SKY,72,ak,yy,72.8,14.4,5.9,9.4,1,14,12,0,2,0,0,0,0,NA,0.285714286,0,NA,NA,NA,1189.44,0,0
463,NA,7305,SKY,73,yy,ak,109.4,23.6,13.1,15.7,6,20,16,0,3,1,0,0,0,NA,0.45,1,137.5,3,0,6183.2,0.5,0.027422303
464,NA,7301,SKY,73,yy,ak,40.8,9.7,2.9,2.5,0,10,9,1,0,0,0,0,0,NA,0.1,0,NA,NA,NA,281.3,0,0
465,NA,7310,SKY,73,ak,yy,116.1,18.3,9.5,14.8,7,25,25,0,0,0,0,0,0,NA,0,1,132.1,1,7,4346.25,0.142857143,0.008613264
466,NA,7308,SKY,73,ak,yy,77.4,17.9,7.9,10.6,3,11,10,0,1,0,0,0,0,NA,0.181818182,0,NA,NA,NA,1555.51,0,0
467,NA,7307,SKY,73,ak,yy,62.7,14.8,7.1,8.1,3,8,7,1,0,0,0,0,0,NA,0.125,0,NA,NA,NA,840.64,0,0
468,NA,7318,SKY,73,ak,yy,73.9,16.1,6.6,9,3,12,12,0,0,0,0,0,0,NA,0,1,80,1,2,1275.12,0.333333333,0.0135318
469,NA,7314,SKY,73,ak,yy,85.4,16.4,7.7,10.1,3,11,11,0,0,0,0,0,0,NA,0,1,134.2,4,3,1389.08,1.333333333,0.046838407
470,NA,7315,SKY,73,ak,yy,127.5,20.5,8.8,14.9,5,19,18,0,1,0,0,0,0,NA,0.105263158,1,149.5,0,0,3427.6,0,0
471,NA,7325,SKY,73,ak,yy,114.5,22.5,10.4,13.1,5,17,17,0,0,0,0,0,0,NA,0,1,128.3,1,0,3978,0.2,0.008733624
472,NA,7326,SKY,73,ak,yy,125.4,22.2,9.8,15.6,5,18,18,0,0,0,0,0,0,NA,0,1,142.2,1,0,3916.08,0.2,0.007974482
473,NA,7339,SKY,73,ak,yy,91.6,18,8.5,11.5,5,14,14,0,0,0,0,0,0,NA,0,1,114.1,2,0,2142,0.4,0.021834061
474,NA,7344,SKY,73,ak,yy,82.1,18.7,8.7,10.9,3,11,10,1,0,0,0,0,0,NA,0.090909091,0,NA,NA,NA,1789.59,0,0
475,NA,7345,SKY,73,ak,yy,107.6,22.4,10,18.2,5,20,20,0,0,0,0,0,0,NA,0,1,110.2,4,6,4480,0.8,0.037174721
476,NA,7328,SKY,73,ak,yy,115.4,21.2,10.1,17.5,6,20,18,0,2,0,0,0,0,NA,0.2,1,140.5,6,2,4282.4,1,0.051993068
477,NA,7350,SKY,73,ak,yy,46.1,10,4.3,14.7,0,9,9,0,0,0,0,0,0,NA,0,0,NA,NA,NA,387,0,0
478,NA,7342,SKY,73,ak,yy,NA,NA,NA,NA,NA,NA,0,0,0,0,0,0,0,no plant,0,0,NA,NA,NA,NA,0,0
479,NA,7353,SKY,73,ak,yy,73,14.5,6,8.2,3,18,16,2,0,0,0,0,0,NA,0.111111111,1,79.7,2,0,1566,0.666666667,0.02739726
480,NA,4271,BLD1,42,hd,ng,8.6,NA,NA,4.5,0,0,0,0,0,0,0,0,0,budling,0,1,55.5,0,0,NA,0,0
481,NA,4272,BLD1,42,hd,ng,25.7,6.3,3.1,5.9,0,3,2,1,0,0,0,0,0,NA,0.333333333,0,NA,NA,NA,58.59,0,0
482,NA,4390,BLD1,43,hd,ng,35.8,9.2,3.4,5.8,0,5,3,2,0,0,0,0,0,NA,0.4,1,46.6,0,0,156.4,0,0
483,NA,4561,NA,NA,NA,NA,NA,NA,NA,NA,NA,NA,NA,NA,NA,NA,NA,NA,NA,NA,NA,0,NA,0,0,NA,0,0
484,NA,newplant1,NA,NA,NA,NA,NA,NA,NA,NA,NA,NA,NA,NA,NA,NA,NA,NA,NA,NA,NA,1,34.6,0,0,NA,0,0
485,NA,newplant2,NA,NA,NA,NA,NA,NA,NA,NA,NA,NA,NA,NA,NA,NA,NA,NA,NA,NA,NA,1,28.4,0,0,NA,0,0
486,NA,4069,NA,NA,NA,NA,NA,NA,NA,NA,NA,NA,NA,NA,NA,NA,NA,NA,NA,NA,NA,0,NA,NA,NA,NA,0,0
487,NA,newplant3,NA,NA,NA,NA,NA,NA,NA,NA,NA,NA,NA,NA,NA,NA,NA,NA,NA,NA,NA,1,15.3,0,0,NA,0,0
488,NA,newplant4,NA,NA,NA,NA,NA,NA,NA,NA,NA,NA,NA,NA,NA,NA,NA,NA,NA,NA,NA,1,20.6,NA,NA,NA,0,0
489,NA,4059,NA,NA,NA,NA,NA,NA,NA,NA,NA,NA,NA,NA,NA,NA,NA,NA,NA,NA,NA,0,NA,NA,NA,NA,0,0
490,NA,newplant5,NA,NA,NA,NA,NA,NA,NA,NA,NA,NA,NA,NA,NA,NA,NA,NA,NA,NA,NA,1,51.6,0,0,NA,0,0
491,NA,4361,NA,NA,NA,NA,NA,NA,NA,NA,NA,NA,NA,NA,NA,NA,NA,NA,NA,NA,NA,0,NA,NA,NA,NA,0,0
492,NA,7233,NA,NA,NA,NA,NA,NA,NA,NA,NA,NA,NA,NA,NA,NA,NA,NA,NA,NA,NA,1,102.8,2,0,NA,0,0
493,NA,8386b,NA,NA,NA,NA,NA,NA,NA,NA,NA,NA,NA,NA,NA,NA,NA,NA,NA,NA,NA,1,121.6,2,0,NA,0,0
494,NA,8386a,NA,NA,NA,NA,NA,NA,NA,NA,NA,NA,NA,NA,NA,NA,NA,NA,NA,NA,NA,0,NA,NA,NA,NA,0,0
495,NA,newplant1,NA,NA,NA,NA,NA,NA,NA,NA,NA,NA,NA,NA,NA,NA,NA,NA,NA,NA,NA,1,57.4,0,0,NA,0,0
496,NA,8406,NA,NA,NA,NA,NA,NA,NA,NA,NA,NA,NA,NA,NA,NA,NA,NA,NA,NA,NA,1,82.3,0,0,NA,0,0
