"","sensitivity","pars","type","name","lambda","elasticity"
"1",0.0474871312163607,-9.47646044799067,"Flowering","(Intercept)",2.24863852028033,-0.20012550559006
"2",3.35167461954408,0.160329692532554,"Flowering","h_apical",2.24863852028033,0.238977032712966
"3",0.00923305925567026,0.18985904381223,"Flowering","herb_avg",2.24863852028033,0.000779573855883551
"4",0.0527600984948974,-1.21049673237095,"Flowering","Cardenolides",2.24863852028033,-0.0284020425033371
"5",0.197759647762112,-1.33779890649208,"Survival","(Intercept)",2.24863852028033,-0.117654588827123
"6",0.138457679371477,0.0146400372379886,"Survival","h_apical",2.24863852028033,0.000901445725314361
"7",-0.0420563647616642,0.370545940201397,"Survival","herb_avg",2.24863852028033,-0.00693033365812884
"8",-0.0963048393591018,-0.303259977478986,"Survival","Cardenolides",2.24863852028033,0.0129880383848969
"9",-0.202264578135378,0.023918873232393,"Survival","LMA",2.24863852028033,-0.00215149778863543
"10",0.660535925818244,0.413331457808888,"Pods","(Intercept)",2.24863852028033,0.121415814365558
"11",0.676854029249712,0.0291290520511227,"Pods","h_apical",2.24863852028033,0.0087680238825443
"12",-0.113340949215668,-2.06050304652797,"Pods","herb_avg",2.24863852028033,0.103858120835777
"13",-0.59632586170222,-0.91318760384719,"Pods","Cardenolides",2.24863852028033,0.242172043149058
"14",-0.313529326502462,-0.0332131844823672,"Pods","LMA",2.24863852028033,0.00463093879600552
"15",8.55209840487214e-05,23.7462365591398,"Seedlings","mean",2.24863852028033,0.000903124935233338
"16",0.000135283514839246,8.49672370937776,"Seedlings","sd",2.24863852028033,0.000511183383925703
"17",1253.84871295621,0.000526806718247335,"Seedlings","seedling.emergence",2.24863852028033,0.293749270811549
"18",0.00309715829962895,213.271604938272,"Seedlings","seeds.per.pod",2.24863852028033,0.293749268880892
"19",1.01268529095203,0.848420252848311,"Clonal","a",2.24863852028033,0.382090186064309
"20",2.24671401995334,-0.390316675940901,"Clonal","b",2.24863852028033,-0.389982622884485
"21",0.029615497638376,0.848420252848311,"Budlings","mean",2.24863852028033,0.0111740449912097
"22",0.0275023681118738,-0.390316675940901,"Budlings","sd",2.24863852028033,-0.00477383661496263
"23",-0.460524875144132,0.769672601952901,"Herbivory","pmunch",2.24863852028033,-0.157630217449104
"24",-0.602286214235156,0.600363174592342,"Herbivory","mean",2.24863852028033,-0.160804175651293
"25",0.161731619079866,0.849513785383797,"Herbivory","sd",2.24863852028033,0.0611006343178978
"26",-0.6199388211558,1.58241379310345,"Cardenolides","mean",2.24863852028033,-0.436263869283416
"27",0.332885568003956,0.832229681379108,"Cardenolides","sd",2.24863852028033,0.123202216673358
"28",-0.0166269324891612,51.5481512605042,"LMA","mean",2.24863852028033,-0.381158475770764
"29",0.00582873648278354,19.7174604815799,"LMA","sd",2.24863852028033,0.0511099850955592
"30",0.102324611190517,-8.04991301151895,"Flowering","(Intercept)",2.18294958638177,-0.377335429164192
"31",6.95988545234117,0.123484728466863,"Flowering","h_apical",2.18294958638177,0.393705640572002
"32",0.033697226588112,1.1399061373165,"Flowering","herb_avg",2.18294958638177,0.0175962265175353
"33",0.132809574092614,-0.487627623911512,"Flowering","Cardenolides",2.18294958638177,-0.0296670236690272
"34",0.222551415358547,-2.68528536205425,"Survival","(Intercept)",2.18294958638177,-0.273764479809772
"35",0.0457335671029395,0.00759739456528951,"Survival","h_apical",2.18294958638177,0.000159168107374885
"36",-0.0354880031047301,2.5102230754831,"Survival","herb_avg",2.18294958638177,-0.0408084569850116
"37",-0.0889320728248171,0.228947717544313,"Survival","Cardenolides",2.18294958638177,-0.00932719436891549
"38",-0.178688882671427,0.0353408263955052,"Survival","LMA",2.18294958638177,-0.00289288072463679
"39",0.651902671807128,1.58371292987804,"Pods","(Intercept)",2.18294958638177,0.472950313101015
"40",0.219430008189336,0.0109918246003511,"Pods","h_apical",2.18294958638177,0.00110489778468432
"41",-0.0595707495124485,-1.03344747333693,"Pods","herb_avg",2.18294958638177,0.02820186089156
"42",-0.475605136458312,-0.571737834380792,"Pods","Cardenolides",2.18294958638177,0.124566069887928
"43",-0.189871953961365,-0.0322353428845385,"Pods","LMA",2.18294958638177,0.00280381534153831
"44",0.000602041425117351,24.4951219512195,"Seedlings","mean",2.18294958638177,0.00675557430182284
"45",0.000642601806399484,8.45355896244117,"Seedlings","sd",2.18294958638177,0.00248850101425072
"46",1044.78767943389,0.000623957082045434,"Seedlings","seedling.emergence",2.18294958638177,0.29863386487872
"47",0.00313377541331112,208.024691358025,"Seedlings","seeds.per.pod",2.18294958638177,0.29863386090374
"48",0.911259501906177,0.867441205975316,"Clonal","a",2.18294958638177,0.362108243919709
"49",2.12238891158756,-0.440789954387631,"Clonal","b",2.18294958638177,-0.428561299522325
"50",0.0208583805894865,0.867441205975316,"Budlings","mean",2.18294958638177,0.00828851885820506
"51",0.00881632117461763,-0.440789954387631,"Budlings","sd",2.18294958638177,-0.00178022700692217
"52",-0.057393613815575,0.790552077404667,"Herbivory","pmunch",2.18294958638177,-0.0207850153364599
"53",-0.118422136994833,0.627805970293079,"Herbivory","mean",2.18294958638177,-0.0340576461701296
"54",-0.00718540062501757,0.927554775553388,"Herbivory","sd",2.18294958638177,-0.00305314089962394
"55",-0.338025499037046,1.56418103448276,"Cardenolides","mean",2.18294958638177,-0.242210391877024
"56",0.0826377391094274,0.831172428054222,"Cardenolides","sd",2.18294958638177,0.0314648632716897
"57",-0.0128358699183732,55.4213025210084,"LMA","mean",2.18294958638177,-0.325880466642191
"58",0.0020838069799597,20.4162269347943,"LMA","sd",2.18294958638177,0.0194889870368839
"59",0.0352977656293091,-7.35871506611411,"Flowering","(Intercept)",2.49024838420109,-0.104305338127904
"60",2.57252810105578,0.120494994889909,"Flowering","h_apical",2.49024838420109,0.124476241951386
"61",0.00465484525920633,0.321929588311667,"Flowering","herb_avg",2.49024838420109,0.000601760220971516
"62",0.0306896435427251,-0.465986639124515,"Flowering","Cardenolides",2.49024838420109,-0.00574278611769556
"63",0.305588174984636,-3.99507969555869,"Survival","(Intercept)",2.49024838420109,-0.490251944677247
"64",0.416733527058047,0.0178642790488767,"Survival","h_apical",2.49024838420109,0.00298951866151934
"65",-0.0894107873812203,0.811608228462177,"Survival","herb_avg",2.49024838420109,-0.0291402782197411
"66",-0.250108639074834,0.0420646823496325,"Survival","Cardenolides",2.49024838420109,-0.00422477553738358
"67",-0.274355843014486,0.0537030336998898,"Survival","LMA",2.49024838420109,-0.00591657489937311
"68",0.81915207200096,0.126514658235676,"Pods","(Intercept)",2.49024838420109,0.0416162279593224
"69",1.41836888535436,0.0437129955912111,"Pods","h_apical",2.49024838420109,0.0248975777780083
"70",-0.251733424880288,-4.34630459402154,"Pods","herb_avg",2.49024838420109,0.439357835936105
"71",-0.650581955661222,-1.46110778283469,"Pods","Cardenolides",2.49024838420109,0.381717086865365
"72",-0.631582146854189,-0.0363042924097402,"Pods","LMA",2.49024838420109,0.0092075726604766
"73",0.000157157682706048,24.8457831325301,"Seedlings","mean",2.49024838420109,0.00156799848838297
"74",0.00022959641168795,9.13716495543601,"Seedlings","sd",2.49024838420109,0.000842430136719887
"75",1049.97685937418,0.000780162024367832,"Seedlings","seedling.emergence",2.49024838420109,0.328943922761156
"76",0.0039247199881163,208.716049382716,"Seedlings","seeds.per.pod",2.49024838420109,0.32894391420951
"77",0.881300902073933,1.00669247314586,"Clonal","a",2.49024838420109,0.356269274311409
"78",2.32774149669788,-0.526412342446021,"Clonal","b",2.49024838420109,-0.492060093948681
"79",0.0449048321715219,1.00669247314586,"Budlings","mean",2.49024838420109,0.0181529508629524
"80",0.0625745519653458,-0.526412342446021,"Budlings","sd",2.49024838420109,-0.0132276027911793
"81",-0.951517533280928,0.765212399540758,"Herbivory","pmunch",2.49024838420109,-0.292385699140045
"82",-1.07463010303301,0.606984585619976,"Herbivory","mean",2.49024838420109,-0.261935279999593
"83",0.343748841335013,0.863450427643411,"Herbivory","sd",2.49024838420109,0.119188947550654
"84",-0.925073357943181,1.62448717948718,"Cardenolides","mean",2.49024838420109,-0.60346181513374
"85",0.655057858997959,0.901013646797859,"Cardenolides","sd",2.49024838420109,0.237010923947933
"86",-0.013439897149249,53.9576050420168,"LMA","mean",2.49024838420109,-0.29120977119604
"87",-0.00236264402148578,21.3588322839308,"LMA","sd",2.49024838420109,-0.0202643711051883
"88",0.0913635165069742,-6.54431920072739,"Flowering","(Intercept)",1.79403736623084,-0.333277347828457
"89",6.33853687202671,0.0969280681264571,"Flowering","h_apical",1.79403736623084,0.342457824635304
"90",0.0214051744711447,0.467823358871884,"Flowering","herb_avg",1.79403736623084,0.00558173469896451
"91",0.113038319223396,-0.173294430987478,"Flowering","Cardenolides",1.79403736623084,-0.0109188981112218
"92",0.147861420514498,-2.11786948853338,"Survival","(Intercept)",1.79403736623084,-0.174551097392564
"93",0.0460234138249074,-0.0136381945545913,"Survival","h_apical",1.79403736623084,-0.00034986800365773
"94",-0.0267182078525303,1.37762775078132,"Survival","herb_avg",1.79403736623084,-0.0205167101207707
"95",-0.0906057868146877,0.335922889409287,"Survival","Cardenolides",1.79403736623084,-0.0169653978656738
"96",-0.0775016550361062,0.062012755536952,"Survival","LMA",1.79403736623084,-0.00267892479717996
"97",0.422081126389446,0.631733317999831,"Pods","(Intercept)",1.79403736623084,0.148627177704392
"98",0.165656769750582,0.0161681136922536,"Pods","h_apical",1.79403736623084,0.00149292179618641
"99",-0.0901539467623313,-1.70307906378653,"Pods","herb_avg",1.79403736623084,0.0855831111094573
"100",-0.132139805605894,-0.748423275244286,"Pods","Cardenolides",1.79403736623084,0.0551251094114509
"101",-0.213187663433478,-0.018255590565912,"Pods","LMA",1.79403736623084,0.00216933424609855
"102",0.000317192198403402,22.7132530120482,"Seedlings","mean",1.79403736623084,0.00401578405856752
"103",0.000266192284899634,8.05925003363586,"Seedlings","sd",1.79403736623084,0.00119580016638011
"104",1006.65470954671,0.000419290867454469,"Seedlings","seedling.emergence",1.79403736623084,0.235268860246614
"105",0.00193582303871991,218.037037037037,"Seedlings","seeds.per.pod",1.79403736623084,0.235268856454918
"106",0.706676419363573,0.999357140470575,"Clonal","a",1.79403736623084,0.393649619002581
"107",1.95450827635092,-0.530733789895622,"Clonal","b",1.79403736623084,-0.578206231606778
"108",0.0133438450597413,0.999357140470575,"Budlings","mean",1.79403736623084,0.00743310428912752
"109",0.00511279973676206,-0.530733789895622,"Budlings","sd",1.79403736623084,-0.0015125301358522
"110",-0.202721510349199,0.768888888888889,"Herbivory","pmunch",1.79403736623084,-0.0868824249596021
"111",-0.280143146093878,0.606006521595089,"Herbivory","mean",1.79403736623084,-0.094629340898138
"112",0.0650500525312709,0.812802690714377,"Herbivory","sd",1.79403736623084,0.0294714361717064
"113",-0.254557072918999,1.62831896551724,"Cardenolides","mean",1.79403736623084,-0.23104318641445
"114",0.0827721024040284,0.857967838589595,"Cardenolides","sd",1.79403736623084,0.039584349318376
"115",0.00136627085606215,53.317805907173,"LMA","mean",1.79403736623084,0.0406048199950232
"116",-0.0040907966411348,20.2611255741617,"LMA","sd",1.79403736623084,-0.0461997871418504
"117",0.0674164364734426,-6.30353085922268,"Flowering","(Intercept)",1.85596269784404,-0.228970974590611
"118",4.72727041626045,0.104244410878094,"Flowering","h_apical",1.85596269784404,0.265518008619979
"119",0.00858343891026154,0.721583012070303,"Flowering","herb_avg",1.85596269784404,0.00333717035907174
"120",0.0574492419369968,-0.783641948007742,"Flowering","Cardenolides",1.85596269784404,-0.0242567568385791
"121",0.204875326581449,-4.886994000687,"Survival","(Intercept)",1.85596269784404,-0.539463693454288
"122",0.120372405535922,0.0097749368301062,"Survival","h_apical",1.85596269784404,0.000633974304315697
"123",-0.0788478015126628,0.940858707518753,"Survival","herb_avg",1.85596269784404,-0.0399709760913163
"124",-0.180476070848286,0.448080882307756,"Survival","Cardenolides",1.85596269784404,-0.0435719301659869
"125",-0.108807512497061,0.0755926930958113,"Survival","LMA",1.85596269784404,-0.0044316908460841
"126",0.524248006294033,1.93945915069139,"Pods","(Intercept)",1.85596269784404,0.547832989434423
"127",0.419675494197203,0.0221751852476347,"Pods","h_apical",1.85596269784404,0.00501431512525885
"128",-0.217525876315574,-4.63016274537641,"Pods","herb_avg",1.85596269784404,0.542672657075332
"129",-0.157878793872436,-1.6505807336744,"Pods","Cardenolides",1.85596269784404,0.140407830245892
"130",-0.398238475920312,-0.028369589048424,"Pods","LMA",1.85596269784404,0.00608733242228089
"131",0.000378298904102406,23.9346666666667,"Seedlings","mean",1.85596269784404,0.00487857766784559
"132",0.000423006493354485,9.39196100692265,"Seedlings","sd",1.85596269784404,0.0021405928555975
"133",934.462473176657,0.000561015579837079,"Seedlings","seedling.emergence",1.85596269784404,0.282466887310925
"134",0.00242985166083215,215.753086419753,"Seedlings","seeds.per.pod",1.85596269784404,0.282466881460325
"135",0.808324952275623,0.725607096849918,"Clonal","a",1.85596269784404,0.316022688717502
"136",1.80813712175446,-0.426726003067902,"Clonal","b",1.85596269784404,-0.415729867772276
"137",0.0202511731349256,0.725607096849918,"Budlings","mean",1.85596269784404,0.00791739778138212
"138",0.0153986859031371,-0.426726003067902,"Budlings","sd",1.85596269784404,-0.00354049124779117
"139",-0.607028694183939,0.772727272727273,"Herbivory","pmunch",1.85596269784404,-0.252735482167201
"140",-0.723225643048637,0.58763232743349,"Herbivory","mean",1.85596269784404,-0.228986696972918
"141",0.230079658769351,0.839587267290573,"Herbivory","sd",1.85596269784404,0.10408180734974
"142",-0.655169400686901,1.52636752136752,"Cardenolides","mean",1.85596269784404,-0.538819716238899
"143",0.469537836645043,0.814535189129208,"Cardenolides","sd",1.85596269784404,0.20606830677107
"144",0.000515356310494211,53.2921518987342,"LMA","mean",1.85596269784404,0.014797951926907
"145",-0.00718681891085163,19.3949788841817,"LMA","sd",1.85596269784404,-0.0751029108410013
"146",0.0394896087262963,-8.31408914391825,"Flowering","(Intercept)",2.08003693087275,-0.157843412458606
"147",2.83763916451387,0.133456540722096,"Flowering","h_apical",2.08003693087275,0.182064799471932
"148",0.00565221480037886,0.655792345377987,"Flowering","herb_avg",2.08003693087275,0.00178202566767186
"149",0.0380447814343527,-0.550909467615841,"Flowering","Cardenolides",2.08003693087275,-0.0100763741135914
"150",0.175146076696928,-3.64045777733699,"Survival","(Intercept)",2.08003693087275,-0.306538738624156
"151",0.0998991835779749,0.0279892119442612,"Survival","h_apical",2.08003693087275,0.00134425470082851
"152",-0.0421344535063051,0.874645893239605,"Survival","herb_avg",2.08003693087275,-0.0177173425030113
"153",-0.118739936277394,-0.428460737932931,"Survival","Cardenolides",2.08003693087275,0.0244588929957965
"154",-0.117452832805103,0.0421300000641021,"Survival","LMA",2.08003693087275,-0.00237894230634249
"155",0.615912852653267,-0.487002552242284,"Pods","(Intercept)",2.08003693087275,-0.144204714228373
"156",0.671682446922662,0.0347021664985104,"Pods","h_apical",2.08003693087275,0.0112059722408184
"157",-0.151218147624595,-3.66302066760229,"Pods","herb_avg",2.08003693087275,0.266300656418159
"158",-0.303508850011966,-1.08485284197073,"Pods","Cardenolides",2.08003693087275,0.158296438688998
"159",-0.445650358823091,-0.0195600038675036,"Pods","LMA",2.08003693087275,0.00419075383362378
"160",5.98611037697412e-05,22.8736842105263,"Seedlings","mean",2.08003693087275,0.000658278689094283
"161",8.5565292335332e-05,8.07915394901322,"Seedlings","sd",2.08003693087275,0.000332347545954106
"162",821.902291483811,0.000749374784777775,"Seedlings","seedling.emergence",2.08003693087275,0.296106691014671
"163",0.00307823406228188,200.086419753086,"Seedlings","seeds.per.pod",2.08003693087275,0.296106681348948
"164",1.04819313627623,0.647703371748449,"Clonal","a",2.08003693087275,0.326397199267433
"165",2.11691699036536,-0.304809478255766,"Clonal","b",2.08003693087275,-0.310213897535605
"166",0.0314135250231548,0.647703371748449,"Budlings","mean",2.08003693087275,0.00978186770340878
"167",0.036047784290563,-0.304809478255766,"Budlings","sd",2.08003693087275,-0.00528245732505944
"168",-0.654000387824792,0.7625,"Herbivory","pmunch",2.08003693087275,-0.239743481625188
"169",-0.713168905634255,0.638052187308556,"Herbivory","mean",2.08003693087275,-0.21876485624198
"170",0.21755852850528,0.931969903015481,"Herbivory","sd",2.08003693087275,0.0974780772888409
"171",-0.636782192412958,1.59675675675676,"Cardenolides","mean",2.08003693087275,-0.488830872772603
"172",0.391687602135916,0.850283643360295,"Cardenolides","sd",2.08003693087275,0.160115215484873
"173",-0.00473303416212037,53.7653781512605,"LMA","mean",2.08003693087275,-0.122340794892744
"174",-0.00222641644973315,21.1004566755278,"LMA","sd",2.08003693087275,-0.0225853700681966
"175",0.0568335566556833,-8.2330679889605,"Flowering","(Intercept)",1.7757920199611,-0.263496248851782
"176",3.89082537468118,0.148912607360151,"Flowering","h_apical",1.7757920199611,0.326272978374743
"177",0.011067084777881,-0.197552467393498,"Flowering","herb_avg",1.7757920199611,-0.00123118579211281
"178",0.0634247132695961,-1.49383498690197,"Flowering","Cardenolides",1.7757920199611,-0.053354252441355
"179",0.226330725465958,-2.10728273140552,"Survival","(Intercept)",1.7757920199611,-0.268580342742695
"180",0.110060167465882,-0.00446900457706776,"Survival","h_apical",1.7757920199611,-0.000276980291964959
"181",-0.0458104826498168,0.698833904079938,"Survival","herb_avg",1.7757920199611,-0.0180279661571285
"182",-0.141679851112751,0.457848828567358,"Survival","Cardenolides",1.7757920199611,-0.0365290265607745
"183",-0.200625759272453,0.0464027682453928,"Survival","LMA",1.7757920199611,-0.00524250053324348
"184",0.524928282544091,1.30501587703942,"Pods","(Intercept)",1.7757920199611,0.385765751465692
"185",0.308796931380019,0.0210904011567283,"Pods","h_apical",1.7757920199611,0.00366746279156832
"186",-0.117191571090338,-2.18193683712514,"Pods","herb_avg",1.7757920199611,0.143994681296169
"187",-0.373639332005398,-1.0071343681976,"Pods","Cardenolides",1.7757920199611,0.211908268729167
"188",-0.272806013437829,-0.0307324334095643,"Pods","LMA",1.7757920199611,0.00472126946594255
"189",0.000234070569472953,23.6897435897436,"Seedlings","mean",1.7757920199611,0.00312259077098509
"190",0.000306004508316497,8.32830499182264,"Seedlings","sd",1.7757920199611,0.001435133644867
"191",1001.39810493193,0.000524195402398466,"Seedlings","seedling.emergence",1.7757920199611,0.295602343447489
"192",0.00260853922591442,201.234567901235,"Seedlings","seeds.per.pod",1.7757920199611,0.2956023329758
"193",0.856124620017756,0.528587901066275,"Clonal","a",1.7757920199611,0.254836777538993
"194",1.69770975908176,-0.346006568788753,"Clonal","b",1.7757920199611,-0.330792526340966
"195",0.0182761818571036,0.528587901066275,"Budlings","mean",1.7757920199611,0.00544014642410858
"196",0.0100464949200302,-0.346006568788753,"Budlings","sd",1.7757920199611,-0.00195752272594931
"197",-0.344862915579132,0.775842696629213,"Herbivory","pmunch",1.7757920199611,-0.150670445290202
"198",-0.494715292254658,0.564412333499784,"Herbivory","mean",1.7757920199611,-0.157238803520243
"199",0.130741579197081,0.787957718192449,"Herbivory","sd",1.7757920199611,0.0580128952371721
"200",-0.433072265638257,1.52853448275862,"Cardenolides","mean",1.7757920199611,-0.372772196357193
"201",0.183340792476267,0.866451596744212,"Cardenolides","sd",1.7757920199611,0.08945637811397
"202",-0.00569689808474518,53.7515254237288,"LMA","mean",1.7757920199611,-0.172439654417008
"203",-0.00253219050384445,20.7752724441994,"LMA","sd",1.7757920199611,-0.0296244982557897
"204",0.0479793030714545,-7.0245146446704,"Flowering","(Intercept)",1.45967697172896,-0.230894453768976
"205",3.44104788634217,0.113664571120074,"Flowering","h_apical",1.45967697172896,0.267953279924281
"206",0.0128142169725422,0.35424620287,"Flowering","herb_avg",1.45967697172896,0.00310985772413641
"207",0.0573533146742326,-0.5783510850626,"Flowering","Cardenolides",1.45967697172896,-0.0227244468579164
"208",0.145371021531887,0.898672217347034,"Survival","(Intercept)",1.45967697172896,0.0894998693466557
"209",0.130169153670229,-0.00349985576679766,"Survival","h_apical",1.45967697172896,-0.000312105535646222
"210",-0.0171315812263364,0.469280182225974,"Survival","herb_avg",1.45967697172896,-0.00550773336527433
"211",-0.0445800264034042,-0.721700194881622,"Survival","Cardenolides",1.45967697172896,0.0220414614783268
"212",-0.112055216341309,0.0213111922872354,"Survival","LMA",1.45967697172896,-0.00163599913438986
"213",0.464601688800969,-1.24595946802634,"Pods","(Intercept)",1.45967697172896,-0.396577382690998
"214",0.451526063045379,0.0343576348200457,"Pods","h_apical",1.45967697172896,0.0106279456936769
"215",-0.0669003328149032,-1.08037631890516,"Pods","herb_avg",1.45967697172896,0.0495161167162098
"216",-0.325978429098699,-0.652255030240182,"Pods","Cardenolides",1.45967697172896,0.145663098238491
"217",-0.192246059302775,-0.023738949755695,"Pods","LMA",1.45967697172896,0.00312652705421069
"218",0.000247587733699604,23.9015151515152,"Seedlings","mean",1.45967697172896,0.00405413121051087
"219",0.000329829361134511,9.87955483637405,"Seedlings","sd",1.45967697172896,0.00223238930467945
"220",796.978639303997,0.000582953752879395,"Seedlings","seedling.emergence",1.45967697172896,0.318290757301368
"221",0.00206875578231502,224.58024691358,"Seedlings","seeds.per.pod",1.45967697172896,0.318290754320726
"222",0.998445252321035,-0.253413764053751,"Clonal","a",1.45967697172896,-0.173339563816351
"223",1.67677213832889,0.00351614601646758,"Clonal","b",1.45967697172896,0.00403909617600221
"224",0.020519844133148,-0.253413764053751,"Budlings","mean",1.45967697172896,-0.00356243952620421
"225",0.0196020489178385,0.00351614601646758,"Budlings","sd",1.45967697172896,4.72184377447714e-05
"226",-0.186814346551462,0.780258519388954,"Herbivory","pmunch",1.45967697172896,-0.0998600979970277
"227",-0.24995402202068,0.636861100129284,"Herbivory","mean",1.45967697172896,-0.109055631162884
"228",0.0526295884977146,0.914768811297612,"Herbivory","sd",1.45967697172896,0.0329825756256956
"229",-0.391393304822171,1.67017094017094,"Cardenolides","mean",1.45967697172896,-0.447834511711977
"230",0.181008447115311,0.847532348580613,"Cardenolides","sd",1.45967697172896,0.105098948101413
"231",-0.00768640725658363,53.5869361702128,"LMA","mean",1.45967697172896,-0.282179566448136
"232",0.00149141621797831,21.6179562080449,"LMA","sd",1.45967697172896,0.0220880174947432
"233",0.0380048778573813,-6.8230095833153,"Flowering","(Intercept)",1.19542976761068,-0.216915834672514
"234",2.63019578506684,0.113386907038711,"Flowering","h_apical",1.19542976761068,0.24947493617384
"235",0.0094636868430439,0.663665216908988,"Flowering","herb_avg",1.19542976761068,0.00525394293468266
"236",0.0458119728132803,-0.566171971772528,"Flowering","Cardenolides",1.19542976761068,-0.021697180111489
"237",0.146456717805461,-2.90537086185663,"Survival","(Intercept)",1.19542976761068,-0.355948205376899
"238",0.0795125008635639,0.0132153996804663,"Survival","h_apical",1.19542976761068,0.000879005615365964
"239",-0.0302028685007111,0.734116890662891,"Survival","herb_avg",1.19542976761068,-0.0185476692262387
"240",-0.0930476175455238,0.110431012446247,"Survival","Cardenolides",1.19542976761068,-0.00859552178611117
"241",-0.079851271005088,0.0330929717722258,"Survival","LMA",1.19542976761068,-0.00221051535518423
"242",0.349657377733356,0.311489081523011,"Pods","(Intercept)",1.19542976761068,0.091109037426428
"243",0.277250028336843,0.0221188375151557,"Pods","h_apical",1.19542976761068,0.00512991101109347
"244",-0.0800401815583273,-1.27934504064115,"Pods","herb_avg",1.19542976761068,0.085658741402541
"245",-0.177540270160004,-0.926203203635382,"Pods","Cardenolides",1.19542976761068,0.137555857693884
"246",-0.200956615323198,-0.024195281298766,"Pods","LMA",1.19542976761068,0.00406732538232742
"247",0.000170597017609857,22.6645161290323,"Seedlings","mean",1.19542976761068,0.00323440068328851
"248",0.000195002386469537,8.57722221321688,"Seedlings","sd",1.19542976761068,0.00139914434638835
"249",599.088787678544,0.000583648676025454,"Seedlings","seedling.emergence",1.19542976761068,0.292495123698602
"250",0.00194227456978825,180.024691358025,"Seedlings","seeds.per.pod",1.19542976761068,0.292495125545965
"251",0.778232057824492,-0.220653676553019,"Clonal","a",1.19542976761068,-0.14364688702174
"252",1.32497297706016,-0.0828125183146003,"Clonal","b",1.19542976761068,-0.0917865289137413
"253",0.0137890400054188,-0.220653676553019,"Budlings","mean",1.19542976761068,-0.00254519542324399
"254",0.0108907120530594,-0.0828125183146003,"Budlings","sd",1.19542976761068,-0.000754446071018988
"255",-0.13439575355682,0.754518950437318,"Herbivory","pmunch",1.19542976761068,-0.0848265165084535
"256",-0.18803717689465,0.597712947492163,"Herbivory","mean",1.19542976761068,-0.0940182838716209
"257",0.0392467084042971,0.824698647065116,"Herbivory","sd",1.19542976761068,0.0270753733926793
"258",-0.297654415312089,1.60515021459227,"Cardenolides","mean",1.19542976761068,-0.39967220288272
"259",0.14280712533098,0.773251370059075,"Cardenolides","sd",1.19542976761068,0.0923733106772868
"260",-0.00360912891135812,54.8125316455696,"LMA","mean",1.19542976761068,-0.165484830666509
"261",-0.000735364880563343,20.9186469700869,"LMA","sd",1.19542976761068,-0.0128680402207572
"262",0.0349127691629602,-9.69698536094195,"Flowering","(Intercept)",1.81092113415892,-0.186948291174706
"263",2.38902327251429,0.172778286399635,"Flowering","h_apical",1.81092113415892,0.227934469043335
"264",0.00532662859004,-0.122197272167628,"Flowering","herb_avg",1.81092113415892,-0.00035943005538742
"265",0.0453097651648535,-1.31305068840925,"Flowering","Cardenolides",1.81092113415892,-0.0328529040934765
"266",0.168038551800645,-5.42691370382311,"Survival","(Intercept)",1.81092113415892,-0.50357285159249
"267",0.077382810076912,0.0111430136614963,"Survival","h_apical",1.81092113415892,0.000476154203287541
"268",-0.0343522954105835,0.582864535714279,"Survival","herb_avg",1.81092113415892,-0.0110566574863621
"269",-0.0769535153210569,0.582557130878353,"Survival","Cardenolides",1.81092113415892,-0.0247552575597168
"270",-0.0879406428737773,0.0799013043585342,"Survival","LMA",1.81092113415892,-0.00388010937594272
"271",0.452163881049637,0.575582595648383,"Pods","(Intercept)",1.81092113415892,0.143715623725311
"272",0.294833692019321,0.0216037829487919,"Pods","h_apical",1.81092113415892,0.00351728353500866
"273",-0.0996401596913868,-3.38800685408205,"Pods","herb_avg",1.81092113415892,0.186414271504451
"274",-0.153536509231962,-0.756833301705031,"Pods","Cardenolides",1.81092113415892,0.0641670921071118
"275",-0.143268656778636,-0.0248661613218837,"Pods","LMA",1.81092113415892,0.00196725382714238
"276",4.50026520504945e-05,22.8573333333333,"Seedlings","mean",1.81092113415892,0.000568020660535238
"277",6.80036587828997e-05,7.8913652951959,"Seedlings","sd",1.81092113415892,0.000296336324505353
"278",850.943734870367,0.0005313675423272,"Seedlings","seedling.emergence",1.81092113415892,0.249687229624609
"279",0.0021021222526828,215.098765432099,"Seedlings","seeds.per.pod",1.81092113415892,0.249687240824776
"280",0.862170014552832,0.757968422145627,"Clonal","a",1.81092113415892,0.360864773857422
"281",1.79892536465888,-0.405211330522059,"Clonal","b",1.81092113415892,-0.402527159672177
"282",0.0176076701438547,0.757968422145627,"Budlings","mean",1.81092113415892,0.0073697621088269
"283",0.0126995185468682,-0.405211330522059,"Budlings","sd",1.81092113415892,-0.00284164158797345
"284",-0.456629143003227,0.767401392111369,"Herbivory","pmunch",1.81092113415892,-0.193502540452735
"285",-0.528743004428795,0.617741166322194,"Herbivory","mean",1.81092113415892,-0.180364740396189
"286",0.160628764359266,0.8847973699616,"Herbivory","sd",1.81092113415892,0.0784815559134055
"287",-0.258176544578283,1.51470852017937,"Cardenolides","mean",1.81092113415892,-0.215946572386116
"288",0.058164311800655,0.870343357979725,"Cardenolides","sd",1.81092113415892,0.0279542391395602
"289",0.00207285256824492,52.1701260504202,"LMA","mean",1.81092113415892,0.0597160073563893
"290",-0.00622373321925495,19.9354375881958,"LMA","sd",1.81092113415892,-0.068513665679684
"291",0.0384175290969303,-8.766604349667,"Flowering","(Intercept)",1.71988428798317,-0.195822056191668
"292",2.53775701969768,0.152944237198627,"Flowering","h_apical",1.71988428798317,0.22567524704134
"293",0.00970746183530211,-0.118018416901568,"Flowering","herb_avg",1.71988428798317,-0.000666125788775131
"294",0.0398970770903463,-0.789931931071393,"Flowering","Cardenolides",1.71988428798317,-0.0183244741348494
"295",0.227033895089797,-1.19059305155227,"Survival","(Intercept)",1.71988428798317,-0.157164630114584
"296",0.192667295764861,-0.00382739423616133,"Survival","h_apical",1.71988428798317,-0.000428757738215024
"297",-0.0290613637843861,0.967489146279888,"Survival","herb_avg",1.71988428798317,-0.0163479335406081
"298",-0.145327084050207,-0.137778202526366,"Survival","Cardenolides",1.71988428798317,0.0116420067086697
"299",-0.173996188753154,0.0377826530508018,"Survival","LMA",1.71988428798317,-0.00382237205011699
"300",0.529418351020009,0.482784812678379,"Pods","(Intercept)",1.71988428798317,0.14861182302294
"301",0.566532117603046,0.028772834456187,"Pods","h_apical",1.71988428798317,0.00947780902924616
"302",-0.0713174424948184,-1.37945378180285,"Pods","herb_avg",1.71988428798317,0.0572010084895591
"303",-0.364523424631012,-1.04251724394494,"Pods","Cardenolides",1.71988428798317,0.220957862488137
"304",-0.308398338179123,-0.032250531477553,"Pods","LMA",1.71988428798317,0.00578295318037591
"305",0.000180280265040087,23.5948717948718,"Seedlings","mean",1.71988428798317,0.0024732418166076
"306",0.00025945370967722,8.53229006196532,"Seedlings","sd",1.71988428798317,0.00128714142229587
"307",1129.13507416318,0.000468870698592711,"Seedlings","seedling.emergence",1.71988428798317,0.307822075431159
"308",0.00236035263301861,224.296296296296,"Seedlings","seeds.per.pod",1.71988428798317,0.307822076891062
"309",0.742967195337538,0.536520740802177,"Clonal","a",1.71988428798317,0.231769842203542
"310",1.65103751104896,-0.403655294568238,"Clonal","b",1.71988428798317,-0.387497017980897
"311",0.0200270674266749,0.536520740802177,"Budlings","mean",1.71988428798317,0.00624747672092223
"312",0.0144999296794579,-0.403655294568238,"Budlings","sd",1.71988428798317,-0.00340312044645971
"313",-0.215031799796076,0.765202702702703,"Herbivory","pmunch",1.71988428798317,-0.0956709213059534
"314",-0.310198548971769,0.58916373322217,"Herbivory","mean",1.71988428798317,-0.10626164587306
"315",0.0657615083771727,0.823900766492189,"Herbivory","sd",1.71988428798317,0.0315026758115051
"316",-0.526092958750014,1.54336244541485,"Cardenolides","mean",1.71988428798317,-0.472096943384541
"317",0.295106443617079,0.799472290244715,"Cardenolides","sd",1.71988428798317,0.137177498505543
"318",-0.00844559735761446,53.2320253164557,"LMA","mean",1.71988428798317,-0.261399127542656
"319",-0.000225267918287676,19.8184370568137,"LMA","sd",1.71988428798317,-0.00259578978114803
"320",0.0586543845592469,-8.40952886073793,"Flowering","(Intercept)",1.5832545207454,-0.311545448502862
"321",4.00317352040105,0.13237783683004,"Flowering","h_apical",1.5832545207454,0.334710208713944
"322",0.00727393991960568,0.246101674515004,"Flowering","herb_avg",1.5832545207454,0.00113066394005539
"323",0.0548260525464251,-0.447662409565607,"Flowering","Cardenolides",1.5832545207454,-0.0155019691832922
"324",0.197670054176321,-3.87942453269434,"Survival","(Intercept)",1.5832545207454,-0.484347934904115
"325",0.0447149874745561,0.0177524468095377,"Survival","h_apical",1.5832545207454,0.000501372600760036
"326",-0.0617073541504426,0.33775412703359,"Survival","herb_avg",1.5832545207454,-0.0131639690646978
"327",-0.130846279165523,-0.508781214040533,"Survival","Cardenolides",1.5832545207454,0.0420476479897742
"328",-0.155054432128283,0.0585972360640407,"Survival","LMA",1.5832545207454,-0.005738661120588
"329",0.447509196823911,3.27714717914816,"Pods","(Intercept)",1.5832545207454,0.926290424437811
"330",0.264997665478127,0.00684507787970064,"Pods","h_apical",1.5832545207454,0.00114569681271628
"331",-0.128497873298599,-4.74862719173582,"Pods","herb_avg",1.5832545207454,0.385401391393895
"332",-0.343105807560057,-1.00298602314867,"Pods","Cardenolides",1.5832545207454,0.217356290435134
"333",-0.23885723202823,-0.0373947986236784,"Pods","LMA",1.5832545207454,0.00564155540026483
"334",0.000232902114326088,24.3690476190476,"Seedlings","mean",1.5832545207454,0.00358476962498564
"335",0.000279403194973931,8.40341450146586,"Seedlings","sd",1.5832545207454,0.00148298383464866
"336",881.070640482277,0.000507915229762188,"Seedlings","seedling.emergence",1.5832545207454,0.282651456814781
"337",0.00208586968535048,214.543209876543,"Seedlings","seeds.per.pod",1.5832545207454,0.282651444739649
"338",1.12082174458662,-0.0158542485960596,"Clonal","a",1.5832545207454,-0.0112235817663602
"339",1.90420537320101,-0.0138218896693386,"Clonal","b",1.5832545207454,-0.016623806362956
"340",0.0140985911856153,-0.0158542485960596,"Budlings","mean",1.5832545207454,-0.000141179176551932
"341",0.00551612074316839,-0.0138218896693386,"Budlings","sd",1.5832545207454,-4.81560048089605e-05
"342",-0.553339247874872,0.769007544979687,"Herbivory","pmunch",1.5832545207454,-0.268764150661528
"343",-0.637075803913832,0.589992911716136,"Herbivory","mean",1.5832545207454,-0.237403527739848
"344",0.209333865119908,0.83036429713186,"Herbivory","sd",1.5832545207454,0.109788644528456
"345",-0.466315786134693,1.67017467248908,"Cardenolides","mean",1.5832545207454,-0.491916369212278
"346",0.299092986276936,0.894926000241772,"Cardenolides","sd",1.5832545207454,0.169060682538376
"347",-0.00519508312951402,53.85,"LMA","mean",1.5832545207454,-0.17669630679003
"348",-0.00317628296528523,18.514244255063,"LMA","sd",1.5832545207454,-0.0371427827124098
"349",0.0547687325753356,-7.54892249600158,"Flowering","(Intercept)",1.7688186623391,-0.233740702887374
"350",3.80633951012989,0.134916865296757,"Flowering","h_apical",1.7688186623391,0.290329023486677
"351",0.0212448967207482,-0.518847765336938,"Flowering","herb_avg",1.7688186623391,-0.00623176780247081
"352",0.0741484426944898,-0.910867212502493,"Flowering","Cardenolides",1.7688186623391,-0.0381833292165837
"353",0.171954588275176,-4.75797789164154,"Survival","(Intercept)",1.7688186623391,-0.462543813449864
"354",0.138481356074468,0.0040312340449047,"Survival","h_apical",1.7688186623391,0.00031560655090202
"355",0.0348273451995558,0.48619324286061,"Survival","herb_avg",1.7688186623391,0.00957295412091925
"356",-0.0645256422101169,0.588290159663295,"Survival","Cardenolides",1.7688186623391,-0.0214605381356437
"357",-0.0901615341356516,0.0837804286817654,"Survival","LMA",1.7688186623391,-0.00427051802500849
"358",0.547524634103248,-0.557975956960346,"Pods","(Intercept)",1.7688186623391,-0.172717298939576
"359",0.474515289096089,0.0248509058628249,"Pods","h_apical",1.7688186623391,0.00666667252605989
"360",0.149733626430733,-0.404509714114093,"Pods","herb_avg",1.7688186623391,-0.0342424623339659
"361",-0.156853236513095,-0.60993890793947,"Pods","Cardenolides",1.7688186623391,0.0540874504676772
"362",-0.109509760390912,-0.0181931437788849,"Pods","LMA",1.7688186623391,0.00112636012860043
"363",0.00018917776685673,23.3444444444444,"Seedlings","mean",1.7688186623391,0.00249672279162349
"364",0.000224336791377435,7.69994388307273,"Seedlings","sd",1.7688186623391,0.000976573088747576
"365",955.507355610317,0.000573019800219006,"Seedlings","seedling.emergence",1.7688186623391,0.309542547055426
"366",0.00260649420663215,210.061728395062,"Seedlings","seeds.per.pod",1.7688186623391,0.309542571974459
"367",1.09646469626299,0.1425945071202,"Clonal","a",1.7688186623391,0.088392239559234
"368",1.79687220256963,-0.109363211740085,"Clonal","b",1.7688186623391,-0.11109771699244
"369",0.021466789719568,0.1425945071202,"Budlings","mean",1.7688186623391,0.00173055970331455
"370",0.016536226883855,-0.109363211740085,"Budlings","sd",1.7688186623391,-0.00102240830028874
"371",-0.0828100627605801,0.760514018691589,"Herbivory","pmunch",1.7688186623391,-0.0356046750065768
"372",-0.118617897086385,0.610308184697081,"Herbivory","mean",1.7688186623391,-0.0409275834684169
"373",0.0140469552960049,0.878721900793254,"Herbivory","sd",1.7688186623391,0.00697831129944116
"374",-0.256838698995813,1.52620087336245,"Cardenolides","mean",1.7688186623391,-0.221609741612697
"375",0.038355121143683,0.848422617458912,"Cardenolides","sd",1.7688186623391,0.0183972235065885
"376",0.00430665438601576,51.1821848739496,"LMA","mean",1.7688186623391,0.124616494424462
"377",-0.00712516825785782,19.9286880398844,"LMA","sd",1.7688186623391,-0.0802768867526306
"378",0.0420478788821527,-8.77253869008435,"Flowering","(Intercept)",2.16547933803637,-0.17033948920711
"379",3.04168767166195,0.135246212608938,"Flowering","h_apical",2.16547933803637,0.189970289859523
"380",0.0144414599360719,0.291037788493635,"Flowering","herb_avg",2.16547933803637,0.00194091464581927
"381",0.0381502542398623,-0.394559103641823,"Flowering","Cardenolides",2.16547933803637,-0.00695113079685959
"382",0.190349885399824,-4.16885971212473,"Survival","(Intercept)",2.16547933803637,-0.366450953612172
"383",0.175090478718362,0.0188890772899149,"Survival","h_apical",2.16547933803637,0.0015272819865547
"384",-0.0288934073418161,1.57367388999224,"Survival","herb_avg",2.16547933803637,-0.020997106704309
"385",-0.127953549738951,-0.454102332648812,"Survival","Cardenolides",2.16547933803637,0.026831937108133
"386",-0.148075509967526,0.0641135070624444,"Survival","LMA",2.16547933803637,-0.00438408258500714
"387",0.665505823051261,-0.847318606568235,"Pods","(Intercept)",2.16547933803637,-0.260402145957289
"388",0.865360221805142,0.0349672164644937,"Pods","h_apical",2.16547933803637,0.0139734596697013
"389",-0.0972059470941956,-0.743331500654539,"Pods","herb_avg",2.16547933803637,0.0333673202310926
"390",-0.4023233496766,-1.12578268626876,"Pods","Cardenolides",2.16547933803637,0.2091586160126
"391",-0.346648816295819,-0.0214701704071327,"Pods","LMA",2.16547933803637,0.00343693381256222
"392",7.92776750200313e-05,23.4506172839506,"Seedlings","mean",2.16547933803637,0.000858521429136324
"393",0.000114930050085946,8.47158100971393,"Seedlings","sd",2.16547933803637,0.000449618342069455
"394",1016.52650916785,0.000654686146419558,"Seedlings","seedling.emergence",2.16547933803637,0.307324947105657
"395",0.00310571935851486,214.283950617284,"Seedlings","seeds.per.pod",2.16547933803637,0.307324942779003
"396",0.884412321999706,0.828753831521166,"Clonal","a",2.16547933803637,0.338474760588769
"397",2.04975546137543,-0.449302900184169,"Clonal","b",2.16547933803637,-0.425292016085194
"398",0.0323248231536874,0.828753831521166,"Budlings","mean",2.16547933803637,0.0123710813450452
"399",0.0367603536306764,-0.449302900184169,"Budlings","sd",2.16547933803637,-0.00762719514702712
"400",-0.104823869918173,0.781123335263463,"Herbivory","pmunch",2.16547933803637,-0.0378116611170044
"401",-0.163650313655372,0.608274836551234,"Herbivory","mean",2.16547933803637,-0.0459687451372983
"402",0.0142136155352222,0.891768376981186,"Herbivory","sd",2.16547933803637,0.00585332431219289
"403",-0.696473879953162,1.55425438596491,"Cardenolides","mean",2.16547933803637,-0.499888206556981
"404",0.421733845123452,0.844921810058388,"Cardenolides","sd",2.16547933803637,0.164551153883421
"405",-0.00232029290241005,52.2829411764706,"LMA","mean",2.16547933803637,-0.0560207318527872
"406",-0.00577261456022067,20.9081671289958,"LMA","sd",2.16547933803637,-0.0557358308049305
"407",0.059505671459267,-8.67978171304783,"Flowering","(Intercept)",1.82935055818006,-0.282338580019687
"408",4.06993543649722,0.153511466023064,"Flowering","h_apical",1.82935055818006,0.341532000349609
"409",0.0128425781515438,0.4598868954859,"Flowering","herb_avg",1.82935055818006,0.00322854106324174
"410",0.0765542411135079,-1.30909845421916,"Flowering","Cardenolides",1.82935055818006,-0.0547828508087132
"411",0.238918533463391,-2.43082266374214,"Survival","(Intercept)",1.82935055818006,-0.317472549661902
"412",0.0733651566231594,0.00441639404872946,"Survival","h_apical",1.82935055818006,0.000177117195851718
"413",0.010652191140914,0.375797831370999,"Survival","herb_avg",1.82935055818006,0.00218824670438635
"414",-0.101623575281381,-0.143466372156666,"Survival","Cardenolides",1.82935055818006,0.00796980415044899
"415",-0.218948857818313,0.051474844369811,"Survival","LMA",1.82935055818006,-0.00616085218371592
"416",0.539033441880802,1.82788651444569,"Pods","(Intercept)",1.82935055818006,0.538602049149828
"417",0.220268186376568,0.0154733939718347,"Pods","h_apical",1.82935055818006,0.00186311825911427
"418",0.0181109835511957,-1.65036459591441,"Pods","herb_avg",1.82935055818006,-0.0163389821138588
"419",-0.507576318659444,-0.700845832510979,"Pods","Cardenolides",1.82935055818006,0.194458490212854
"420",-0.167627615102695,-0.0414140038565874,"Pods","LMA",1.82935055818006,0.00379486078668268
"421",0.000171896282926395,22.7843373493976,"Seedlings","mean",1.82935055818006,0.00214094716935986
"422",0.000222373107548919,7.91864479594,"Seedlings","sd",1.82935055818006,0.000962578573568259
"423",901.961029471798,0.000597623870925896,"Seedlings","seedling.emergence",1.82935055818006,0.294658363563463
"424",0.00250353834612025,215.308641975309,"Seedlings","seeds.per.pod",1.82935055818006,0.294658363333336
"425",0.8228038208226,0.661897417505498,"Clonal","a",1.82935055818006,0.297707687398061
"426",1.95355608026229,-0.382784814236752,"Clonal","b",1.82935055818006,-0.408774358714617
"427",0.0183472155552316,0.661897417505498,"Budlings","mean",1.82935055818006,0.00663840757044731
"428",0.00935370600430441,-0.382784814236752,"Budlings","sd",1.82935055818006,-0.00195722826293332
"429",-0.302181118451283,0.760410724472333,"Herbivory","pmunch",1.82935055818006,-0.125608381715531
"430",-0.39078162511499,0.618763261865483,"Herbivory","mean",1.82935055818006,-0.132178773473469
"431",0.0953350334726604,0.895380554462429,"Herbivory","sd",1.82935055818006,0.0466619887307806
"432",-0.445148581739065,1.66903930131004,"Cardenolides","mean",1.82935055818006,-0.406138929754435
"433",0.213625698868641,0.813143634610644,"Cardenolides","sd",1.82935055818006,0.0949563091926464
"434",-0.0100367930843242,52.724243697479,"LMA","mean",1.82935055818006,-0.289273328260026
"435",-0.00108191477091224,19.149022531811,"LMA","sd",1.82935055818006,-0.0113251176670636
"436",0.0357970412921985,-7.45296992488294,"Flowering","(Intercept)",2.21072172399071,-0.120681978765261
"437",2.58910914393631,0.13293120157258,"Flowering","h_apical",2.21072172399071,0.155683723451507
"438",0.0124223655306948,0.201917229967398,"Flowering","herb_avg",2.21072172399071,0.00113460215746761
"439",0.0400132292948773,-1.16802012135394,"Flowering","Cardenolides",2.21072172399071,-0.0211407236060445
"440",0.171927478829059,-1.93309988236248,"Survival","(Intercept)",2.21072172399071,-0.150336872114045
"441",0.183586309257246,0.0107752186030302,"Survival","h_apical",2.21072172399071,0.000894813034722161
"442",0.00104247829512122,0.829138406715394,"Survival","herb_avg",2.21072172399071,0.000390984891165714
"443",-0.108595231765223,-0.339139493821979,"Survival","Cardenolides",2.21072172399071,0.0166592346439045
"444",-0.100697894613313,0.0428215155472011,"Survival","LMA",2.21072172399071,-0.0019505107372675
"445",0.815276068479329,-2.34143117631649,"Pods","(Intercept)",2.21072172399071,-0.863479461628642
"446",1.06830488227532,0.047502396210774,"Pods","h_apical",2.21072172399071,0.0229549659014251
"447",0.0497622292290636,-0.504235219240867,"Pods","herb_avg",2.21072172399071,-0.0113500800634176
"448",-0.212398400622536,-1.16345774640283,"Pods","Cardenolides",2.21072172399071,0.111780945492216
"449",-0.47739815029145,-0.00691015673079897,"Pods","LMA",2.21072172399071,0.00149222582186979
"450",0.000124132890380979,22.2105263157895,"Seedlings","mean",2.21072172399071,0.00124712974886989
"451",0.00017257510505561,8.0142895234136,"Seedlings","sd",2.21072172399071,0.000625617797771725
"452",1273.70731618484,0.000640081169340997,"Seedlings","seedling.emergence",2.21072172399071,0.368782764241386
"453",0.0040357735141066,202.012345679012,"Seedlings","seeds.per.pod",2.21072172399071,0.368782766897591
"454",1.81953862355107,-0.618579359450435,"Clonal","a",2.21072172399071,-0.509122891423795
"455",2.65517082391553,0.311320464757108,"Clonal","b",2.21072172399071,0.37390912023913
"456",0.0448490620710281,-0.618579359450435,"Budlings","mean",2.21072172399071,-0.0125491615642015
"457",0.0616085610037214,0.311320464757108,"Budlings","sd",2.21072172399071,0.00867590237005145
"458",-0.131446944219166,0.782758620689655,"Herbivory","pmunch",2.21072172399071,-0.0465419177973831
"459",-0.198261398969879,0.603883624242274,"Herbivory","mean",2.21072172399071,-0.0541573418571869
"460",0.0229830414377095,0.877229300195087,"Herbivory","sd",2.21072172399071,0.00911982595455842
"461",-0.903379092805656,1.61464912280702,"Cardenolides","mean",2.21072172399071,-0.659802744023238
"462",0.592657416187726,0.801792596693974,"Cardenolides","sd",2.21072172399071,0.214947147584594
"463",0.00158761912926396,53.3763865546219,"LMA","mean",2.21072172399071,0.0383319942195771
"464",-0.00340241412221789,20.1896002320811,"LMA","sd",2.21072172399071,-0.0310728302916224
"465",0.0619771784897819,-7.35660303641375,"Flowering","(Intercept)",2.27693427889806,-0.200243592312617
"466",4.19237939119123,0.131477788518868,"Flowering","h_apical",2.27693427889806,0.242081985454873
"467",0.0092463755295606,0.173190492152856,"Flowering","herb_avg",2.27693427889806,0.000703307224734534
"468",0.057721274934456,-1.12600094803867,"Flowering","Cardenolides",2.27693427889806,-0.0285446140894556
"469",0.301701461965744,-0.372839767179791,"Survival","(Intercept)",2.27693427889806,-0.0494025250880537
"470",0.236870495213455,-0.0124847049809844,"Survival","h_apical",2.27693427889806,-0.0012987894639062
"471",-0.0772379908023393,0.449614268891063,"Survival","herb_avg",2.27693427889806,-0.0152517809086765
"472",-0.269551429508055,-0.0821989473579919,"Survival","Cardenolides",2.27693427889806,0.0097309983734476
"473",-0.251668265328986,0.0444411477125169,"Survival","LMA",2.27693427889806,-0.00491205506355289
"474",0.724864002174457,1.19167696044567,"Pods","(Intercept)",2.27693427889806,0.379371393743425
"475",0.570643176453248,0.0348081346458626,"Pods","h_apical",2.27693427889806,0.00872358271594042
"476",-0.181376433819449,-3.65467213761771,"Pods","herb_avg",2.27693427889806,0.291124520037182
"477",-0.545187338954817,-1.48847455887556,"Pods","Cardenolides",2.27693427889806,0.356399168555731
"478",-0.553643320305285,-0.0371086578120059,"Pods","LMA",2.27693427889806,0.00902308016244301
"479",0.000344454693330465,23.269512195122,"Seedlings","mean",2.27693427889806,0.00352021257767673
"480",0.000431603759195913,8.28913024688666,"Seedlings","sd",2.27693427889806,0.00157124419803291
"481",1081.27279828915,0.000670380317828863,"Seedlings","seedling.emergence",2.27693427889806,0.318350867170216
"482",0.00356793780220237,203.160493827161,"Seedlings","seeds.per.pod",2.27693427889806,0.318350868779064
"483",1.18109643212741,0.594779934034087,"Clonal","a",2.27693427889806,0.30852557515565
"484",2.3648041126777,-0.25201212361155,"Clonal","b",2.27693427889806,-0.261737596857496
"485",0.0291375455211326,0.594779934034087,"Budlings","mean",2.27693427889806,0.00761129891345028
"486",0.0234325263447145,-0.25201212361155,"Budlings","sd",2.27693427889806,-0.00259352269428392
"487",-0.824999091928703,0.782981153626499,"Herbivory","pmunch",2.27693427889806,-0.283696699867757
"488",-0.90752428927533,0.638378241258108,"Herbivory","mean",2.27693427889806,-0.254440264286845
"489",0.289049570804559,0.89301615304865,"Herbivory","sd",2.27693427889806,0.113365562700902
"490",-0.947380028928896,1.65034782608696,"Cardenolides","mean",2.27693427889806,-0.686671805027976
"491",0.765936832492452,0.830994616667314,"Cardenolides","sd",2.27693427889806,0.279537881443147
"492",-0.0134170496863911,52.1884745762712,"LMA","mean",2.27693427889806,-0.307525501695931
"493",-9.93707911237747e-05,20.3191769287762,"LMA","sd",2.27693427889806,-0.000886776884651068
"494",0.0423061104010173,-8.9756982029615,"Flowering","(Intercept)",2.03384940973294,-0.186703537284289
"495",2.89667016728162,0.156172214380277,"Flowering","h_apical",2.03384940973294,0.222425216040484
"496",0.0098011732675725,-0.261851944360926,"Flowering","herb_avg",2.03384940973294,-0.00126187133858115
"497",0.0535913883872445,-0.898451921612248,"Flowering","Cardenolides",2.03384940973294,-0.02367396801748
"498",0.207478465182859,-3.78526649280971,"Survival","(Intercept)",2.03384940973294,-0.386145246780776
"499",0.118911210790454,0.0181342631154017,"Survival","h_apical",2.03384940973294,0.00106023935377214
"500",-0.0481188479958071,1.13463106717099,"Survival","herb_avg",2.03384940973294,-0.0268442391020928
"501",-0.109001130285545,0.180679672225357,"Survival","Cardenolides",2.03384940973294,-0.00968325796292442
"502",-0.148423493420623,0.0463279312811194,"Survival","LMA",2.03384940973294,-0.00338085670000376
"503",0.561737854658239,0.708975949561501,"Pods","(Intercept)",2.03384940973294,0.195815199987329
"504",0.526854770019632,0.0214520650891032,"Pods","h_apical",2.03384940973294,0.00555701064438676
"505",-0.135784616823161,-1.84984409843236,"Pods","herb_avg",2.03384940973294,0.123499985242864
"506",-0.24964449134448,-0.860090158608375,"Pods","Cardenolides",2.03384940973294,0.105571616624446
"507",-0.237447076791343,-0.026932826227254,"Pods","LMA",2.03384940973294,0.00314434334557267
"508",8.45958781904501e-05,22.5083333333333,"Seedlings","mean",2.03384940973294,0.000936211017307687
"509",0.000129527034133067,8.5876485916305,"Seedlings","sd",2.03384940973294,0.00054691003519133
"510",1008.19094303495,0.000557174073505948,"Seedlings","seedling.emergence",2.03384940973294,0.276194418286036
"511",0.00273392812479974,205.469135802469,"Seedlings","seeds.per.pod",2.03384940973294,0.276194415604461
"512",0.726167903170453,1.05169029516327,"Clonal","a",2.03384940973294,0.375496697429389
"513",2.13843856308389,-0.55279581147418,"Clonal","b",2.03384940973294,-0.581222914101029
"514",0.0223079828998096,1.05169029516327,"Budlings","mean",2.03384940973294,0.0115353127955912
"515",0.016852739164829,-0.55279581147418,"Budlings","sd",2.03384940973294,-0.00458053756468017
"516",-0.325735278524088,0.782167042889391,"Herbivory","pmunch",2.03384940973294,-0.125269549627764
"517",-0.428688388111107,0.627231933046915,"Herbivory","mean",2.03384940973294,-0.132205976048641
"518",0.103583218388967,0.929166276881626,"Herbivory","sd",2.03384940973294,0.0473221040443356
"519",-0.429317539011351,1.65533039647577,"Cardenolides","mean",2.03384940973294,-0.349417399668237
"520",0.190720197999834,0.856427499934662,"Cardenolides","sd",2.03384940973294,0.0803097916583164
"521",-0.0055941723828462,51.0570464135021,"LMA","mean",2.03384940973294,-0.140434152906933
"522",-0.00254182570801023,19.9161211901175,"LMA","sd",2.03384940973294,-0.0248903918857667
"523",0.0865572974308663,-8.61551339220616,"Flowering","(Intercept)",1.75904837375564,-0.423942608023123
"524",5.735076430115,0.142630984200401,"Flowering","h_apical",1.75904837375564,0.465023934472799
"525",0.02152237745,0.490866093418155,"Flowering","herb_avg",1.75904837375564,0.00600586402146327
"526",0.10081709515227,-0.88015543948902,"Flowering","Cardenolides",1.75904837375564,-0.0504447268282341
"527",0.250082911539519,-3.88312665756001,"Survival","(Intercept)",1.75904837375564,-0.552061918755526
"528",0.026591451383224,-0.0091374010789689,"Survival","h_apical",1.75904837375564,-0.000138129661574715
"529",-0.0193476975022457,0.998270423425077,"Survival","herb_avg",1.75904837375564,-0.0109799335061096
"530",-0.142390240413858,0.751178062933237,"Survival","Cardenolides",1.75904837375564,-0.0608058462578345
"531",-0.175349446727492,0.0717213629866422,"Survival","LMA",1.75904837375564,-0.00714949145565474
"532",0.504366841457532,3.37447555779625,"Pods","(Intercept)",1.75904837375564,0.967553595486151
"533",0.124819513930212,0.00728718992111914,"Pods","h_apical",1.75904837375564,0.000517088397023007
"534",-0.0602562483543571,-1.46050355695778,"Pods","herb_avg",1.75904837375564,0.0500295877950058
"535",-0.311937806978641,-1.07472133347231,"Pods","Cardenolides",1.75904837375564,0.190583852541104
"536",-0.230438084650851,-0.042898263329576,"Pods","LMA",1.75904837375564,0.00561973950461045
"537",0.00039643148857258,22.4913580246914,"Seedlings","mean",1.75904837375564,0.00506881031515387
"538",0.000494789874903395,9.06487179307599,"Seedlings","sd",1.75904837375564,0.00254979160745607
"539",927.925061313292,0.000543542644156031,"Seedlings","seedling.emergence",1.75904837375564,0.286727101386092
"540",0.00237355998105844,212.493827160494,"Seedlings","seeds.per.pod",1.75904837375564,0.28672710307179
"541",0.797227018916215,0.653011399164637,"Clonal","a",1.75904837375564,0.295954527937643
"542",1.80664153485518,-0.396051260187883,"Clonal","b",1.75904837375564,-0.406766901503393
"543",0.0133390422743425,0.653011399164637,"Budlings","mean",1.75904837375564,0.00495185168813024
"544",0.000897034144340497,-0.396051260187883,"Budlings","sd",1.75904837375564,-0.000201968012135501
"545",-0.184880701473018,0.765730337078652,"Herbivory","pmunch",1.75904837375564,-0.080480311951863
"546",-0.273213577414216,0.580845497011218,"Herbivory","mean",1.75904837375564,-0.0902163229454305
"547",0.0549308320412638,0.81986656357141,"Herbivory","sd",1.75904837375564,0.0256024525372407
"548",-0.380478474151398,1.63174887892377,"Cardenolides","mean",1.75904837375564,-0.3529438603929
"549",0.152000485578826,0.878444962014115,"Cardenolides","sd",1.75904837375564,0.0759069862844873
"550",-0.00386118749941347,54.0551680672269,"LMA","mean",1.75904837375564,-0.118653439174189
"551",-0.00579879849658605,21.3280282257166,"LMA","sd",1.75904837375564,-0.0703090033541117
"552",0.0623708266892636,-9.20399407977102,"Flowering","(Intercept)",1.69810942796742,-0.338058731754136
"553",4.25194589875412,0.148702442741103,"Flowering","h_apical",1.69810942796742,0.372340398760146
"554",0.0087280945741772,0.442312828523179,"Flowering","herb_avg",1.69810942796742,0.00227343899936006
"555",0.0611536081446483,-0.773766447093582,"Flowering","Cardenolides",1.69810942796742,-0.0278654657477973
"556",0.148706067386299,-0.643218611271327,"Survival","(Intercept)",1.69810942796742,-0.0563276480163744
"557",0.0243604849646941,0.0207525359891923,"Survival","h_apical",1.69810942796742,0.000297708635626097
"558",-0.0564417695680777,0.292036021529936,"Survival","herb_avg",1.69810942796742,-0.00970669472844308
"559",-0.0695360625892106,-0.798164190602415,"Survival","Cardenolides",1.69810942796742,0.0326841098695443
"560",-0.102864720998105,0.00934436836029585,"Survival","LMA",1.69810942796742,-0.000566044701510131
"561",0.511726010453751,1.95754388956214,"Pods","(Intercept)",1.69810942796742,0.589906697645974
"562",0.226274106686803,0.0105345278768676,"Pods","h_apical",1.69810942796742,0.00140373220090924
"563",-0.179449579715543,-3.81651357560571,"Pods","herb_avg",1.69810942796742,0.403314265760175
"564",-0.420839284880527,-0.855925784224174,"Pods","Cardenolides",1.69810942796742,0.212122486932343
"565",-0.283923956967227,-0.027736681438601,"Pods","LMA",1.69810942796742,0.0046375741265469
"566",0.000210641429641126,23.7169014084507,"Seedlings","mean",1.69810942796742,0.00294195529278314
"567",0.000298215407495375,8.80755095239375,"Seedlings","sd",1.69810942796742,0.001546748020502
"568",911.175483279671,0.000561610820058487,"Seedlings","seedling.emergence",1.69810942796742,0.301350432400816
"569",0.00248068753458412,206.283950617284,"Seedlings","seeds.per.pod",1.69810942796742,0.30135044093924
"570",1.13899377847218,0.0324665712630074,"Clonal","a",1.69810942796742,0.021776701823717
"571",1.84621171630148,-0.0417056995732671,"Clonal","b",1.69810942796742,-0.0453431032892143
"572",0.0175358748586523,0.0324665712630074,"Budlings","mean",1.69810942796742,0.000335272698791317
"573",0.00820527941940277,-0.0417056995732671,"Budlings","sd",1.69810942796742,-0.000201522300473848
"574",-0.574092425233233,0.764906303236797,"Herbivory","pmunch",1.69810942796742,-0.258597536453832
"575",-0.648742649934899,0.611157042786272,"Herbivory","mean",1.69810942796742,-0.233485329586869
"576",0.208408235415278,0.848593053670751,"Herbivory","sd",1.69810942796742,0.104147458337165
"577",-0.526233086135071,1.57138528138528,"Cardenolides","mean",1.69810942796742,-0.486962095911802
"578",0.296580830474928,0.806174110049497,"Cardenolides","sd",1.69810942796742,0.140801165771782
"579",-0.0122497726402054,52.8113445378151,"LMA","mean",1.69810942796742,-0.38096894861843
"580",0.00480037627458212,20.5981783858201,"LMA","sd",1.69810942796742,0.0582288780654473
