"","transect","plantID","site","N","C","LMA","ADF","ADL","Cellulose","NDWI","Chl_g_m2","PRI","Cardenolides"
"1","40","100","BLD",2.65,45.23,67.41,30.03,28.05,20.52,0.0552,0.2859,0.0142,0.39
"2","40","101","BLD",2.44,45.72,61.44,30.13,23.68,20.64,0.0539,0.256,-0.0183,0.18
"3","40","106","BLD",2.36,45.89,69.8,29.28,23.73,20.85,0.0474,0.2463,0.004,0.44
"4","40","107","BLD",2.55,44.29,26.5,25.44,23.55,19.46,0.0499,0.2226,0.0056,1.51
"5","40","118","BLD",2.44,45.26,48.37,30,27.51,20.89,0.0383,0.2754,0.021,0.88
"6","40","119","BLD",2.48,46.05,43.92,32.07,26.38,21.96,0.0431,0.268,0.0203,0.43
"7","40","124","BLD",2.32,44.71,43.29,27.24,25.76,20.05,0.0373,0.222,0.0147,0.76
"8","40","138","BLD",2.27,44.74,48.57,24.68,22.1,18.87,0.0375,0.2455,-0.0099,0.88
"9","40","1461","BLD",2.19,44.52,58.69,23.28,21.1,17.62,0.0364,0.2255,-0.0104,1.59
"10","40","1463","BLD",2.27,45.9,74.82,31.78,27.95,20.85,0.0477,0.2869,0.0199,0.47
"11","40","1468","BLD",2.07,44.18,42.79,22,19.14,17.47,0.0392,0.1797,-0.0146,1.01
"12","40","1497","BLD",2.16,45.17,54.1,26.77,22.9,18.89,0.0492,0.2717,0.0221,0.92
"13","40","1500","BLD",2,43.77,21.68,17.04,11.92,15.97,0.0503,0.1626,-0.0093,1.51
"14","40","1516","BLD",2.91,44.77,52.22,25.6,24.65,17.84,0.0403,0.2894,0.0241,1.08
"15","40","1593","BLD",2.5,44.32,42.97,23.26,22.38,17.97,0.0299,0.2421,0.0228,0.68
"16","40","1988","BLD",3.24,44.33,32.28,26.04,24.63,17.79,0.0441,0.3222,0.0314,1.42
"17","40","1994","BLD",2.5,43.72,39.97,19.48,17.03,15.31,0.0512,0.2349,6e-04,1.5
"18","40","2005","BLD",2.48,43.76,34.74,22.49,22.14,17.94,0.0359,0.1958,0.0155,0.86
"19","40","293","BLD",3,43.6,16.33,21.27,22.95,16.85,0.036,0.2645,0.0224,2.38
"20","40","355","BLD",2.31,45.47,43.78,27.56,22.41,19.85,0.0476,0.2022,0.013,0.43
"21","40","4020","BLD",2.81,45.07,46.02,29.59,26.77,20.43,0.0508,0.2899,0.0234,0.76
"22","40","4027","BLD",2.26,45.35,51.91,25.81,22.59,19.78,0.041,0.2194,0.0077,1.36
"23","40","4047","BLD",2.76,44.93,51.43,27.27,24.63,20.6,0.0482,0.3029,0.0195,1.54
"24","40","4155","BLD",3.07,43.52,32.72,18.89,19.36,15.87,0.0322,0.2772,0.0153,1.84
"25","40","4197","BLD",2.5,44.22,27.58,23.57,20.65,17.88,0.044,0.2456,0.0185,0.48
"26","40","79","BLD",2.79,44.25,39.45,24.19,23.51,18.81,0.0403,0.2345,0.0158,1.56
"27","42","1104","BLD",2.27,43.8,59.19,20.82,18.25,14.89,0.0486,0.1676,-0.0023,0.61
"28","42","1464","BLD",2.36,44.22,57.74,23.49,19.87,16.73,0.0488,0.1944,0.0046,0.5
"29","42","1465","BLD",2.31,44.07,53.45,24.13,21.23,16.43,0.0543,0.2331,0.0187,1.06
"30","42","1542","BLD",2.31,44.13,57.94,20.86,18.58,15.54,0.0528,0.2067,-5e-04,1.21
"31","42","1566","BLD",2.76,43.71,44.73,21.7,19.63,15.72,0.0468,0.2636,0.027,0.93
"32","42","2007","BLD",2.09,43.95,53.43,20.6,17.26,15.87,0.0494,0.2158,0.0054,0.84
"33","42","220","BLD",2.37,43.87,41.49,20.9,17.4,15.68,0.0566,0.2057,0.0046,0.98
"34","42","369","BLD",2.57,44.3,57.72,28.08,24.87,18.71,0.0512,0.306,0.0318,NA
"35","42","4107","BLD",2.64,44.31,52.39,23.89,20.96,17.06,0.0445,0.2688,0.0224,0.14
"36","43","380","BLD",2.86,45.85,90.67,29.02,27.66,21.05,0.0687,0.2882,0.0224,1.82
"37","43","386","BLD",2.7,44.85,72.99,26.51,25.12,19.61,0.0605,0.242,0.0124,0.93
"38","43","394","BLD",2.22,45.64,104.04,25.61,24.83,19.84,0.071,0.2039,-0.0306,1.98
"39","43","416","BLD",3.23,44.85,50.01,27.9,27.17,20.38,0.0485,0.2907,0.0329,1.13
"40","43","4315","BLD",2.73,44.6,51.85,22.58,24.19,17.74,0.0463,0.263,-0.0088,1.12
"41","43","4317","BLD",2.74,45.41,70.26,26.4,26.49,20.01,0.054,0.2737,0.0104,1.74
"42","43","4331","BLD",2.49,44.66,68.7,23.92,23.8,18.12,0.0565,0.2059,-0.0168,0.91
"43","43","4337","BLD",2.78,45.22,90.59,24.33,26.07,19.37,0.066,0.2435,0.005,2.36
"44","43","4352","BLD",2.22,44.89,79.67,24.13,25.23,19.35,0.0631,0.1941,0.0036,1.99
"45","43","4359","BLD",3.14,45.47,57.53,25.36,26.87,19.06,0.0463,0.2897,0.0121,1.04
"46","47","1713","BLD",2.59,45,62.21,31.71,29.22,19.36,0.0419,0.2733,5e-04,0.62
"47","47","1715","BLD",2.61,45.58,69.16,33.31,28.51,19.58,0.0486,0.288,-0.0058,0.67
"48","47","1716","BLD",2.32,45.44,89.09,30.03,25.32,19.96,0.0649,0.1877,-0.0124,1.52
"49","47","1717","BLD",2.34,45.9,92.47,31.86,26.06,20.47,0.0538,0.2823,-0.0213,0.22
"50","47","1721","BLD",2.23,45.61,63.78,31.6,27.74,20.61,0.0474,0.2128,-0.0311,0.99
"51","47","1722","BLD",2.42,45.18,58.05,26.26,24,17.97,0.0421,0.2682,-0.017,1.61
"52","47","1724","BLD",2.36,45.02,64.67,27.26,25.72,18.1,0.0331,0.2331,-0.0061,0.7
"53","47","1726","BLD",1.7,45.55,66.32,26.52,23.83,18.05,0.0393,0.1871,-0.0106,1.21
"54","47","1727","BLD",2.22,45.44,65.02,29.12,25.76,18.77,0.0384,0.1892,-0.0095,0.33
"55","47","1729","BLD",2.2,45.31,80.01,28.8,26.41,18.3,0.0448,0.2056,-0.0026,1.06
"56","47","1730","BLD",2.27,45.14,56.13,27.41,24.34,18.49,0.0397,0.2165,-0.0014,1.79
"57","47","1731","BLD",2.27,45.14,66.81,30.88,29.58,18.91,0.0366,0.2443,0.011,0.92
"58","47","1732","BLD",2.26,45.09,78.33,29.02,25.89,18.83,0.0437,0.2368,0.0094,1.08
"59","47","1734","BLD",2.23,45.5,49.58,29.31,24.49,19.85,0.046,0.2017,-0.017,1.97
"60","47","1735","BLD",2.18,45.85,71.45,31.11,25.2,20.15,0.0446,0.2201,-0.0065,1.28
"61","47","1737","BLD",1.74,45.89,83.45,27.15,21.83,18.44,0.049,0.1702,-0.025,1.2
"62","47","1741","BLD",2.15,45.26,84.8,27.33,26.19,19.3,0.0483,0.1617,0.0013,1.91
"63","47","1744","BLD",1.8,45.45,90.56,29.41,28.35,17.92,0.0413,0.233,-0.0078,0.56
"64","47","1747","BLD",2.15,45.29,83.03,24.48,21.36,19.09,0.0573,0.1777,-0.0262,2.92
"65","47","1749","BLD",2.21,45.68,56.25,30.43,26.5,19.45,0.0355,0.217,-0.0071,0.97
"66","47","1750","BLD",2.54,46.12,116.9,32.85,31.17,21.21,0.0578,0.2608,0.0054,1.96
"67","47","1753","BLD",2.34,45.38,94.23,27.49,24.1,18.72,0.066,0.2008,0.0031,2.25
"68","47","1754","BLD",2.11,44.55,88.66,28.38,25.07,20.44,0.0378,0.1482,-0.0079,1.54
"69","47","1756","BLD",1.99,43.8,8.93,19.08,7.66,23.26,0.0993,0.1517,-0.0303,3.65
"70","47","1759","BLD",2.19,46.09,73.62,29.25,24.09,20.31,0.0498,0.2144,-0.0099,2.11
"71","47","1760","BLD",1.97,45.46,85.87,26.06,22.22,18.3,0.0557,0.1464,-0.0269,2.59
"72","47","1761","BLD",2.26,45.49,58.07,26.66,21.77,17.7,0.0449,0.2175,-0.0091,1.48
"73","47","1762","BLD",2.35,45.67,92.38,30.88,26.74,19.03,0.0586,0.2153,-0.0072,1.68
"74","47","1763","BLD",2.5,45.35,80.12,27.53,27.85,19.87,0.0511,0.1889,-0.006,2.63
"75","47","1765","BLD",2.32,45.97,68.95,30.32,27.05,20.39,0.0452,0.2675,-0.0046,0.74
"76","47","1766","BLD",2.21,45.06,76.96,25.47,26.03,16.78,0.0436,0.2452,-0.0267,1.59
"77","47","1770","BLD",2.63,45.29,62.79,27.86,26.02,18.6,0.0416,0.2954,-1e-04,1.61
"78","47","1771","BLD",2.6,45.14,49.25,29.3,27.2,19.38,0.0397,0.2799,-0.0088,1.67
"79","47","1772","BLD",2.63,44.82,49.47,28.52,27.59,18.26,0.0411,0.2722,-0.0073,1.46
"80","47","1774","BLD",2.44,44.74,31.12,26.03,23.43,19.02,0.04,0.2309,-0.018,2.19
"81","47","1777","BLD",2.36,45.31,53.28,26.15,24.27,18.17,0.0415,0.2778,0.0166,1.07
"82","47","1962","BLD",1.88,45.06,84.11,24.13,22.13,16.6,0.0533,0.1701,0,2.09
"83","47","1965","BLD",2.44,44.63,32.42,26.38,23.13,17.82,0.0412,0.2136,-0.0035,2.07
"84","47","4605","BLD",2.71,45.23,50.6,29.22,26.83,18.9,0.0417,0.2944,0.0063,1.6
"85","47","471","BLD",1.98,46.17,102.54,30.41,27.6,21.1,0.0603,0.2261,-0.0155,2.2
"86","47","481","BLD",2.43,44.8,55.89,27.36,25.06,17.81,0.0441,0.2367,-0.0033,1.44
"87","47","485","BLD",2.44,45.1,70.58,27.93,28.06,18.51,0.0501,0.2519,0.0067,1.76
"88","47","487","BLD",2.08,45.21,60.09,23.43,20.86,17.32,0.0447,0.1879,-0.0137,1.4
"89","47","489","BLD",2.52,45.66,89.54,30.42,28.46,19.8,0.0511,0.2673,-0.0175,1.98
"90","47","492","BLD",2.81,44.92,56.34,28.66,26.71,18.17,0.0456,0.289,-0.0063,1.36
"91","47","494","BLD",2.08,44.96,39.49,25.3,22.25,17.48,0.0421,0.18,-0.0281,1.91
"92","80","1848","PWR",2.55,44.38,26.82,27.39,29.11,18.69,0.0532,0.2894,0.009,1.5
"93","80","1850","PWR",2.77,44.85,36.27,25.73,28.11,18.45,0.0503,0.3136,0.0226,1.42
"94","80","1852","PWR",2.37,44.86,35.58,26.23,27.21,18.42,0.0516,0.2848,0.014,1.06
"95","80","1855","PWR",2.67,44.48,38.27,28.99,27.32,18.77,0.0552,0.3054,0.0248,0.93
"96","80","1862","PWR",2.62,44.54,55.34,30.62,31.63,18.79,0.052,0.2921,0.0178,1.12
"97","80","8002","PWR",2.27,45.06,36.67,30.71,28.56,19.86,0.052,0.2732,0.0266,1.22
"98","80","8003","PWR",2.7,45.4,61.36,34.8,32.95,20.42,0.0554,0.3239,0.0068,0.68
"99","80","8005","PWR",2.34,45.09,35.81,30.07,29.51,19.28,0.0554,0.2816,0.0319,0.94
"100","80","810","PWR",2.79,42.68,9.49,21.57,27.51,16.06,0.0466,0.3395,0.0403,1.78
"101","80","813","PWR",3.07,42.32,17.03,18.33,24.9,16.37,0.037,0.2924,0.0139,4.43
"102","80","8161","PWR",3.02,43.15,8.96,24.86,29.61,17.75,0.0539,0.3497,0.0568,1.74
"103","80","849","PWR",2.26,42.88,33.09,21.76,27.72,17.26,0.0541,0.2129,0.0268,2.34
"104","81","1800","PWR",2.81,44.83,41.75,32.85,25.98,20.35,0.0507,0.2984,0.0089,2.09
"105","81","1803","PWR",2.6,44.87,61.53,28.61,21.75,19.28,0.0539,0.3009,-2e-04,2.09
"106","81","1805","PWR",2.65,44.85,48.63,30.93,24.45,20.61,0.0565,0.3159,0.0038,1.95
"107","81","1806","PWR",2.47,43.55,22.46,25.03,21.19,17.07,0.045,0.2531,0.0057,2.2
"108","81","1807","PWR",2.67,44.65,42.66,28.87,22.29,19,0.053,0.2753,0.0164,1.2
"109","81","1808","PWR",2.48,44.38,40.84,28.88,23.04,18.25,0.0511,0.2452,-0.0139,1.76
"110","81","1809","PWR",3.2,44.91,48.37,32.48,27.92,20.39,0.051,0.3643,0.025,1.53
"111","81","1810","PWR",3.15,44.59,52.05,27.93,23.58,18.77,0.041,0.3449,0.0029,2.62
"112","81","1812","PWR",2.36,44.06,27.16,28.61,22.45,18.14,0.0527,0.2196,0.0212,1.3
"113","81","1813","PWR",2.94,44.13,48.71,28.84,22.74,19.71,0.0501,0.3149,-5e-04,2.14
"114","81","1814","PWR",2.45,44.97,53.23,29.73,24.31,19.97,0.0564,0.3175,0.0051,1.74
"115","81","1815","PWR",3.03,44.93,50.73,29.05,25.23,19.76,0.0537,0.3444,0.0129,2.34
"116","81","1817","PWR",3.03,45.01,43.78,28.69,22.17,19.75,0.0447,0.3305,-0.0135,1.68
"117","81","1818","PWR",2.49,45.97,72.4,36.37,26.85,21.92,0.0626,0.2959,-0.0101,1.75
"118","81","1824","PWR",3.11,45.11,59.61,30.83,25.23,19.97,0.0455,0.3343,-0.003,1.75
"119","81","1828","PWR",2.55,44.98,70.43,31.76,26.4,21.26,0.0594,0.3065,0.0175,2.54
"120","81","1907","PWR",3.2,43.42,19.57,26.16,23.58,18.18,0.0359,0.2957,0.0108,3.64
"121","81","8112","PWR",2.07,44.54,58.22,30.8,25.56,19.6,0.0507,0.2551,-0.0052,1.61
"122","81","8117","PWR",2.61,44.71,37.36,29.61,22.48,19.75,0.0519,0.3346,0.0361,2.08
"123","81","8118","PWR",2.86,43.84,61.26,30.06,27.4,18.97,0.0494,0.3208,0.0067,3.32
"124","81","8121","PWR",2.77,43.94,44.38,25.8,22.67,18.74,0.0555,0.2903,0.0193,2.45
"125","81","8126","PWR",3,44.41,37.31,28.36,22.25,19.41,0.0521,0.3354,0.0048,1.51
"126","81","8133","PWR",2.54,43.79,41.05,25.07,22.56,17.14,0.04,0.2844,-0.0056,2.55
"127","81","8188","PWR",2.77,43.27,15.81,23.97,19.55,18.13,0.0406,0.2945,0.0307,2.41
"128","81","851","PWR",3.25,45.16,66.27,31.75,27.3,21.82,0.0656,0.3234,0.0152,2.85
"129","81","859","PWR",2.95,44.85,66.61,29.7,23.88,20.28,0.0618,0.3237,0.0088,1.63
"130","81","868","PWR",2.65,45.44,77.98,35.25,30.15,22.39,0.0581,0.3111,-0.0241,2.33
"131","81","870","PWR",2.67,45.22,54.43,31.57,23.87,20.08,0.0547,0.3307,-0.0156,0.9
"132","81","871","PWR",3.11,42.97,13.99,21.23,18,15.25,0.0445,0.2784,-0.0016,2.56
"133","82","1809","PWR",2.4,46.42,78.6,36.27,30.33,22,0.0608,0.3059,0.02,0.55
"134","82","1810","PWR",2.51,46.05,53.03,32,25.83,21.62,0.0464,0.2851,0.0083,NA
"135","82","1820","PWR",2.34,45.53,43.9,26.92,27.29,18.99,0.0378,0.2649,-0.0031,1.4
"136","82","1821","PWR",2.56,45.8,56.99,34.9,28.35,21.69,0.0651,0.278,0.0179,0.56
"137","82","1822","PWR",2.76,47.38,100.14,44.26,34.59,25.1,0.0682,0.4318,0.03,0.17
"138","82","1823","PWR",2.27,47.45,76.35,37.78,30.62,23.54,0.0557,0.3813,0.0286,0.41
"139","82","1824","PWR",2.99,46.69,73.96,39.73,32.2,23.15,0.0678,0.3922,0.0243,0.76
"140","82","1826","PWR",2.92,46.07,70.73,36.09,29.9,21.93,0.0575,0.3387,0.0257,0.34
"141","82","1827","PWR",2.28,46.2,53.02,31.18,23.45,21.58,0.049,0.27,0.006,0.62
"142","82","1828","PWR",2.39,46.8,64.01,35.83,29.9,22.86,0.0526,0.2951,0.0158,0.28
"143","82","1829","PWR",3.09,46.24,67.64,37.17,30.4,21.99,0.0654,0.356,0.0066,0.6
"144","82","1831","PWR",2.68,45.95,71.6,33.68,28,21.35,0.0638,0.2895,0.0092,0.58
"145","82","1832","PWR",2.68,47.13,69.72,36.76,30.72,22.92,0.0525,0.3823,0.0233,NA
"146","82","1833","PWR",2.34,45.7,42.2,28.79,22.33,20.17,0.0402,0.2613,0.0236,0.15
"147","82","1834","PWR",2.3,46.78,68.58,32.08,25.7,22.11,0.0519,0.2726,0.0098,0.99
"148","82","1835","PWR",2.81,44.89,43.28,27.98,25.31,19.27,0.0516,0.2386,0.0034,1.31
"149","82","1836","PWR",2.8,45.67,53.32,29.34,26.14,20.52,0.0594,0.2402,0.0119,1.85
"150","82","1837","PWR",2.82,45.93,52.2,31.27,25.8,21.07,0.0494,0.3173,0.0222,0.88
"151","82","1838","PWR",2,46.65,84.75,33.33,25.57,22.46,0.064,0.2372,-0.0262,0.67
"152","82","1839","PWR",2.56,46.03,71.26,29.56,25,20.52,0.0351,0.2748,0.0075,0.36
"153","82","1840","PWR",2.66,45.28,40.65,29.22,25.65,20.12,0.0495,0.2341,-0.0047,1.41
"154","82","1842","PWR",2.81,45.72,50.6,34.87,29.76,22.5,0.0527,0.2658,0.023,NA
"155","82","1843","PWR",2.44,45.48,51.78,29.66,25.28,19.37,0.0462,0.2822,0.0079,0.72
"156","82","1844","PWR",2.53,45.44,44.32,27,23.98,19.3,0.0403,0.1661,-0.0211,1.42
"157","82","1845","PWR",2.32,46.2,70.5,31.92,23.82,22.19,0.0589,0.2757,0.0163,0.38
"158","82","1846","PWR",2.15,46.6,64.76,34.76,29.41,22.66,0.0579,0.2861,0.0168,0.2
"159","82","1847","PWR",2.45,46.43,59.48,32.91,27.92,21.81,0.0504,0.3193,0.0243,NA
"160","82","185","PWR",3.28,44.87,38.18,31.4,29.78,19.68,0.0596,0.2935,0.0242,1.25
"161","82","1903","PWR",2.72,46.62,62.27,39.02,30.59,23.13,0.0652,0.349,0.0141,0.92
"162","82","1904","PWR",3.05,44.77,24.63,26.44,24.3,18.45,0.039,0.2532,0.0211,1.19
"163","82","1905","PWR",3.08,44.17,13.25,24.4,22.47,18,0.0364,0.2246,0.0284,0.91
"164","82","1908","PWR",3.14,45.21,27.06,30.3,26.78,20.18,0.0383,0.3076,0.0234,0.88
"165","82","8203","PWR",2.7,47.38,79.6,36.6,30.16,23.04,0.0517,0.4151,0.0334,0.22
"166","82","8214","PWR",3,45.75,48.84,34.02,27.69,21.76,0.047,0.3265,0.027,0.35
"167","82","8218","PWR",2.51,45.68,43.87,28.84,23.74,20.18,0.0416,0.2602,0.0081,0.66
"168","82","8222","PWR",2.04,45.83,58.37,30.64,23.04,21.03,0.0539,0.2313,0.0133,0.92
"169","82","8229","PWR",2.75,45.36,48.85,30.28,25.91,20.72,0.0549,0.2546,0.0136,1.22
"170","82","901","PWR",2.3,47.03,82.44,36.14,29.66,22.71,0.0511,0.3497,0.0147,0.64
"171","82","905","PWR",2.7,47.9,107.75,40.67,33.6,24.32,0.0592,0.4272,0.0313,NA
"172","82","908","PWR",2.26,47.01,62.88,33.45,26.29,22.7,0.0479,0.3815,0.0274,0.9
"173","82","916","PWR",2.86,46.18,68.84,38.02,30.98,22.13,0.0594,0.344,0.0206,0.12
"174","82","919","PWR",2.57,46.5,76.06,36.51,30.92,22.46,0.0593,0.2986,-0.0047,0.52
"175","82","925","PWR",2.71,45.49,38.64,30.65,25,20.33,0.0397,0.2748,0.0054,0.4
"176","82","928","PWR",2.5,46.26,72.18,33.24,24.89,21.59,0.0454,0.2999,-0.0137,0.59
"177","82","932","PWR",2.68,45.69,72.19,31.95,27.86,20.73,0.0543,0.299,0.0125,0.49
"178","83","1000","PWR",2.7,43.03,28.91,20.24,19.74,14.59,0.0451,0.2835,0.0177,2.16
"179","83","1002","PWR",3.22,42.42,8.82,20.06,24,14.8,0.0286,0.3241,0.0328,3.64
"180","83","1004","PWR",2.32,45.09,43.87,23.44,24.15,17.31,0.0401,0.2284,-0.0199,1.87
"181","83","1008","PWR",2.08,44.27,52.53,23.49,22.67,17.03,0.0496,0.1966,-0.0267,3.19
"182","83","185","PWR",4.12,44.56,37.1,29.1,30.08,18.78,0.0438,0.3285,0.0317,3.55
"183","83","1858","PWR",2.64,45.16,40.91,24.04,24.97,18,0.0365,0.2758,0.0125,2.53
"184","83","1864","PWR",1.79,44.11,37.76,19.26,22.19,15.14,0.0346,0.2277,0.0087,3.17
"185","83","1867","PWR",2.91,44.04,38.1,23.95,25.7,16.97,0.0377,0.3227,0.0156,2.64
"186","83","1868","PWR",2.57,44.39,40.01,25.01,27.02,17.61,0.0398,0.2587,0.0134,2.32
"187","83","1869","PWR",2.78,44.12,55.53,24.05,22.03,15.75,0.0494,0.2769,0.0021,2.19
"188","83","1871","PWR",2.76,44.31,43.41,24.43,22.26,17.08,0.0448,0.2612,0.0116,2.4
"189","83","1875","PWR",2.93,43.81,27.12,24.47,23.6,17.42,0.0417,0.2664,0.0294,1.69
"190","83","1876","PWR",2.57,43.62,17.77,20.25,19.89,15.84,0.0363,0.2229,0.0137,2.38
"191","83","1877","PWR",2.66,43.77,36.95,20.49,22.31,15.68,0.0317,0.2414,0.0112,2.29
"192","83","1878","PWR",1.97,44.56,50.97,20.05,21.76,15.37,0.0346,0.1848,-0.0459,2.06
"193","83","1879","PWR",2.48,43.5,34.91,20.15,22.06,15.25,0.0355,0.2215,0.0199,3.45
"194","83","1880","PWR",2.55,44.81,45.06,25.6,23.18,17.75,0.0439,0.3076,0.0285,1.18
"195","83","1881","PWR",2.57,44.68,39.95,24.4,25.93,17.47,0.0368,0.3014,0.017,2.59
"196","83","1882","PWR",2.62,44.97,37.22,25.62,24.91,18.21,0.0416,0.2788,-0.0087,2.34
"197","83","1883","PWR",2.28,43.46,36.34,20.72,20.17,15.46,0.0356,0.2399,0.007,1.69
"198","83","1884","PWR",2.91,45.66,59.48,29.83,26.46,19.37,0.0442,0.3025,-0.0167,2.82
"199","83","1885","PWR",2.33,45.52,68.73,26.98,24.57,19.12,0.0524,0.2408,-0.0178,2.42
"200","83","1886","PWR",2.93,43.64,16.85,24.46,24.56,16.56,0.0427,0.2896,0.0285,2.56
"201","83","1888","PWR",2.78,45.05,53.97,28.96,27.21,18.2,0.0447,0.2958,-0.0012,1.84
"202","83","1889","PWR",2.66,44.91,46.91,26.88,28.72,18.53,0.0398,0.2914,0.0121,2.44
"203","83","1891","PWR",2.91,44.9,37.6,26.14,25.73,17.69,0.0427,0.2696,-0.006,2.33
"204","83","1901","PWR",2.44,44.27,43.49,22.31,22.13,16.19,0.0432,0.2408,-0.0176,2.89
"205","83","1902","PWR",2.32,45.07,39.21,25.46,25.5,18.05,0.0389,0.2283,-0.0206,2.36
"206","83","8309","PWR",3.04,44.66,45.34,30.2,25.84,18.52,0.0491,0.3251,0.0303,0.91
"207","83","8310","PWR",2.79,45.2,41.49,26.2,22.79,17.9,0.0423,0.2934,-0.0116,1.27
"208","83","8312","PWR",2.91,44.24,43.39,20.89,23.23,15.22,0.0401,0.2356,-0.008,2.52
"209","83","8313","PWR",2.77,44.67,50.29,25.39,21.52,17.19,0.0434,0.3041,-0.0146,1.19
"210","83","8318","PWR",2.24,44.11,42.99,20.54,20.86,15.94,0.0404,0.1979,-0.0237,2.59
"211","83","8321","PWR",2.34,45.04,46.13,26.04,22.7,18.05,0.0373,0.2415,-0.0072,1.94
"212","83","8323","PWR",2.69,45.01,58.5,27.41,26.9,18.51,0.0456,0.2563,-0.0189,2.76
"213","83","8324","PWR",2.5,43.94,40.02,20.92,19.54,15.18,0.0353,0.2459,-0.0131,2.11
"214","83","8326","PWR",2.69,44.24,45.66,25.63,25.03,16.61,0.0383,0.2749,0.002,2.41
"215","83","8330","PWR",2.68,44.17,37.21,26.7,26.74,17.88,0.0377,0.272,0.0079,2.81
"216","83","8332","PWR",2.49,44.69,51.19,25.99,25.58,17.68,0.0509,0.2276,-0.0134,2.71
"217","83","8334","PWR",2.32,44.97,38.05,24.3,23.93,17.53,0.0338,0.2111,-0.0315,2.43
"218","83","8335","PWR",2.99,44.4,33.85,23.89,25.14,16.7,0.0424,0.2733,0.0152,2.48
"219","83","8336","PWR",2.39,45.16,48,27.45,24.18,18.5,0.0454,0.2091,-0.0071,2.12
"220","83","8339","PWR",2.05,44.64,62.93,22.89,23.3,16.32,0.0484,0.2048,-0.0248,2.83
"221","83","8341","PWR",2.29,44,36.17,21.34,22.14,15.75,0.0432,0.2114,-0.0165,2.02
"222","83","8345","PWR",2.56,44.02,44.9,20.73,21.78,15.19,0.0391,0.2227,-0.0309,2.13
"223","83","8351","PWR",2.2,45.1,48.97,23.73,24.16,17.74,0.0384,0.229,-0.0031,2.31
"224","83","8353","PWR",2.75,44.1,25.28,22.85,25.19,16.6,0.0348,0.2748,0.0301,2.32
"225","83","8355","PWR",2.82,44.79,48.81,26.27,28.03,17.96,0.0362,0.3255,0.0221,1.81
"226","83","8357","PWR",2.38,43.91,30.28,19.57,22.16,15.63,0.0366,0.2566,-0.0054,2.26
"227","83","8359","PWR",2.62,43.5,27.15,23.42,25.23,16.92,0.0322,0.2606,-0.0067,3.19
"228","83","8366","PWR",2.83,43.43,25.95,23.14,25.99,17.27,0.032,0.2898,0.0019,2.9
"229","83","8367","PWR",2.48,44.24,40.2,21.54,24.16,15.53,0.0373,0.2619,0.0031,1.82
"230","83","8393","PWR",2.9,41.8,NA,18.23,24.69,14.06,0.0331,0.2621,0.0316,3.57
"231","83","943","PWR",2.53,45.16,64.05,25.87,20.85,17.35,0.0467,0.3147,-0.0114,0.77
"232","83","944","PWR",3.51,43.25,19.64,22.05,22.08,15,0.0289,0.2963,0.0036,2.6
"233","83","955","PWR",3.07,43.08,26.33,21.96,22.2,14.64,0.03,0.2745,0.0205,2.09
"234","83","956","PWR",2.32,44.69,46.9,23.48,22.45,17.04,0.0413,0.2178,-0.004,2.64
"235","83","958","PWR",2.82,45.27,46.38,26.79,25.07,17.85,0.0384,0.2852,0.0071,1.74
"236","83","960","PWR",2.73,45.13,38.31,28.02,25.61,18.32,0.0354,0.2597,-0.0088,1.48
"237","83","968","PWR",2.88,45.19,41.23,25.73,24.75,17.97,0.0446,0.2881,0.0012,2.29
"238","83","969","PWR",2.52,44.5,33.59,22.16,22.21,16.17,0.0437,0.2839,0.0042,2.7
"239","83","984","PWR",2.38,43.69,31.05,19.89,20.43,15.25,0.0377,0.2406,-0.0115,2.11
"240","83","996","PWR",2.94,42.41,NA,19.43,22.56,15.87,0.0287,0.2726,0.0293,4.12
"241","71","1681","SKY",2.73,44.64,41.19,28.71,27.02,19.17,0.0456,0.2871,-0.0024,0.42
"242","71","1700","SKY",2.62,45.39,52.62,28.25,27.61,18.26,0.0436,0.2477,-0.0161,1.1
"243","71","1701","SKY",2.44,46.02,92.07,30.09,28.6,18.89,0.0597,0.2831,0.0091,1.39
"244","71","1705","SKY",2.57,45.44,90.69,27.32,26.47,17.35,0.0415,0.2666,0.0027,0.82
"245","71","1711","SKY",2.45,45.51,89.85,28.07,28.08,17.77,0.045,0.2734,-0.012,1.14
"246","71","7009","SKY",2.92,45.88,86.89,30.45,29.22,18.06,0.0451,0.3628,0.0259,1.6
"247","60","1202","YTB",2.89,45.25,34.96,26.03,26.22,21.99,0.0668,0.2641,0.017,2.33
"248","60","1203","YTB",2.19,45.73,83.26,26.52,21.14,20.86,0.0959,0.2066,-0.022,0.74
"249","60","1204","YTB",1.61,44.73,52.78,22.31,21.66,19.29,0.0556,0.1911,-0.0051,2.13
"250","60","1205","YTB",2.31,45.88,49.42,30.25,27.4,21.51,0.0573,0.3394,0.0029,NA
"251","60","1206","YTB",2.46,45.32,36.81,28.81,26.66,20.53,0.0584,0.3196,0.0137,NA
"252","60","1208","YTB",2.43,45.23,36.69,28.81,24.12,20.85,0.0627,0.3084,0.0201,NA
"253","60","1209","YTB",2.14,45.57,74.13,28.3,23.93,20.94,0.0747,0.2592,-0.0019,0.9
"254","60","1210","YTB",2.01,44.8,76.51,25.14,24.34,20.16,0.0743,0.1755,-0.0112,1.14
"255","60","1212","YTB",2.62,44.32,16.71,22.41,22.91,19.63,0.0498,0.2574,-0.0096,0.52
"256","60","1213","YTB",2.55,45.08,40.73,27.33,28.59,19.54,0.0588,0.3413,0.0198,1.04
"257","60","1214","YTB",2.41,44.29,12.38,21.77,22.96,19.7,0.0507,0.2424,-0.0259,1.04
"258","60","1215","YTB",2.86,44.3,18.61,23.02,24.54,19.62,0.0553,0.2553,0.0096,1.24
"259","60","1216","YTB",2.05,44.41,47.89,23.19,23.73,19.06,0.0513,0.163,0.003,2.53
"260","60","1217","YTB",2.27,45.14,40.48,26.14,23.31,19.34,0.0604,0.2904,9e-04,0.62
"261","60","1218","YTB",2.29,45.92,49.37,29.7,24.55,20.97,0.0629,0.2789,0.0122,NA
"262","60","1219","YTB",1.87,45.21,64.83,24.89,24.41,20.76,0.0672,0.2033,-0.0111,1.47
"263","60","1235","YTB",2.36,45.24,46.01,27.62,24.02,20.03,0.0603,0.2704,-0.0206,0.54
"264","60","1911","YTB",2.32,45.64,56.9,29.38,26.72,20.82,0.0593,0.2837,-0.0437,NA
"265","60","1912","YTB",2.13,44.53,49.16,22.4,22.9,20.08,0.0681,0.1886,-0.0066,1.57
"266","60","1913","YTB",2.07,45.45,55.9,29.68,28.01,20.74,0.0569,0.246,-0.0023,1.08
"267","60","1917","YTB",2.35,44.74,38.23,24.42,25.97,19.13,0.0436,0.214,-0.0372,2.91
"268","60","3028","YTB",2.08,45.49,36.04,30.47,25.77,21.16,0.0588,0.2558,-0.0179,0.93
"269","60","702","YTB",2.48,45.21,43.57,26.28,22.38,20.93,0.065,0.2636,0.0217,0.27
                                                                                                                                                                                                                                                                                                                                                                                                                                                                                                                                                                                                                                                                                                                                                                                                                                                                                                                                                                                                                                                                                                                                                                                                                                                                                                                                                                                                                                                                                                                                                                                                                                                                                                                                                                                                                                                                                                                                                                                                                                                                                                                     